"Clearsky DHI","Clearsky DNI","Clearsky GHI","Latitude","Longitude"
"266.67078","718.63904","997.4589","39","-84.0"
"418.6695","359.16507","887.8701","39","-84.0"
"293.3886","630.6086","917.00714","38","-84.0"
"329.92502","575.2732","910.9723","38","-84.0"
"269.32843","698.5194","974.1375","38","-84.0"
"254.05331","710.3613","973.0385","38","-84.0"
"358.19046","502.11792","900.07556","38","-84.0"
"372.28983","452.91443","891.40424","38","-84.0"
"210.43767","757.7858","962.9172","38","-84.0"
"373.32916","479.38715","891.99","38","-84.0"
"342.001","548.13904","909.8469","38","-84.0"
"246.71178","743.9734","993.6013","38","-84.0"
"481.4345","317.77853","860.20123","38","-84.0"
"234.34691","757.69196","993.77216","38","-84.0"
"293.3886","630.6086","917.00714","38","-84.0"
"329.92502","575.2732","910.9723","38","-84.0"
"269.32843","698.5194","974.1375","38","-84.0"
"254.05331","710.3613","973.0385","38","-84.0"
"358.19046","502.11792","900.07556","38","-84.0"
"372.28983","452.91443","891.40424","38","-84.0"
"210.43767","757.7858","962.9172","38","-84.0"
"373.32916","479.38715","891.99","38","-84.0"
"342.001","548.13904","909.8469","38","-84.0"
"246.71178","743.9734","993.6013","38","-84.0"
"481.4345","317.77853","860.20123","38","-84.0"
"234.34691","757.69196","993.77216","38","-84.0"
"293.3886","630.6086","917.00714","38","-84.0"
"329.92502","575.2732","910.9723","38","-84.0"
"269.32843","698.5194","974.1375","38","-84.0"
"254.05331","710.3613","973.0385","38","-84.0"
"358.19046","502.11792","900.07556","38","-84.0"
"372.28983","452.91443","891.40424","38","-84.0"
"210.43767","757.7858","962.9172","38","-84.0"
"373.32916","479.38715","891.99","38","-84.0"
"342.001","548.13904","909.8469","38","-84.0"
"246.71178","743.9734","993.6013","38","-84.0"
"481.4345","317.77853","860.20123","38","-84.0"
"234.34691","757.69196","993.77216","38","-84.0"
"293.3886","630.6086","917.00714","38","-84.0"
"329.92502","575.2732","910.9723","38","-84.0"
"269.32843","698.5194","974.1375","38","-84.0"
"254.05331","710.3613","973.0385","38","-84.0"
"358.19046","502.11792","900.07556","38","-84.0"
"372.28983","452.91443","891.40424","38","-84.0"
"210.43767","757.7858","962.9172","38","-84.0"
"373.32916","479.38715","891.99","38","-84.0"
"342.001","548.13904","909.8469","38","-84.0"
"246.71178","743.9734","993.6013","38","-84.0"
"481.4345","317.77853","860.20123","38","-84.0"
"234.34691","757.69196","993.77216","38","-84.0"
"293.3886","630.6086","917.00714","38","-84.0"
"329.92502","575.2732","910.9723","38","-84.0"
"269.32843","698.5194","974.1375","38","-84.0"
"254.05331","710.3613","973.0385","38","-84.0"
"358.19046","502.11792","900.07556","38","-84.0"
"372.28983","452.91443","891.40424","38","-84.0"
"210.43767","757.7858","962.9172","38","-84.0"
"373.32916","479.38715","891.99","38","-84.0"
"342.001","548.13904","909.8469","38","-84.0"
"246.71178","743.9734","993.6013","38","-84.0"
"481.4345","317.77853","860.20123","38","-84.0"
"234.34691","757.69196","993.77216","38","-84.0"
"293.3886","630.6086","917.00714","38","-84.0"
"329.92502","575.2732","910.9723","38","-84.0"
"269.32843","698.5194","974.1375","38","-84.0"
"254.05331","710.3613","973.0385","38","-84.0"
"358.19046","502.11792","900.07556","38","-84.0"
"372.28983","452.91443","891.40424","38","-84.0"
"210.43767","757.7858","962.9172","38","-84.0"
"373.32916","479.38715","891.99","38","-84.0"
"342.001","548.13904","909.8469","38","-84.0"
"246.71178","743.9734","993.6013","38","-84.0"
"481.4345","317.77853","860.20123","38","-84.0"
"234.34691","757.69196","993.77216","38","-84.0"
"257.53296","679.2031","941.085","38","-85.0"
"275.75693","655.70966","928.78937","38","-85.0"
"257.70346","699.4037","957.65015","38","-85.0"
"308.70407","593.9457","909.0841","38","-85.0"
"372.31747","442.3542","889.9806","38","-85.0"
"372.28983","441.57657","891.40424","38","-85.0"
"325.38452","580.1496","905.297","38","-85.0"
"373.32916","468.0493","891.99","38","-85.0"
"332.0823","565.335","913.92944","38","-85.0"
"417.9557","410.28476","897.3026","38","-85.0"
"479.6177","332.3441","860.20123","38","-85.0"
"299.563","641.33344","946.3079","38","-85.0"
"257.53296","679.2031","941.085","38","-85.0"
"275.75693","655.70966","928.78937","38","-85.0"
"257.70346","699.4037","957.65015","38","-85.0"
"308.70407","593.9457","909.0841","38","-85.0"
"372.31747","442.3542","889.9806","38","-85.0"
"372.28983","441.57657","891.40424","38","-85.0"
"325.38452","580.1496","905.297","38","-85.0"
"373.32916","468.0493","891.99","38","-85.0"
"332.0823","565.335","913.92944","38","-85.0"
"417.9557","410.28476","897.3026","38","-85.0"
"479.6177","332.3441","860.20123","38","-85.0"
"299.563","641.33344","946.3079","38","-85.0"
"257.53296","679.2031","941.085","38","-85.0"
"275.75693","655.70966","928.78937","38","-85.0"
"257.70346","699.4037","957.65015","38","-85.0"
"308.70407","593.9457","909.0841","38","-85.0"
"372.31747","442.3542","889.9806","38","-85.0"
"372.28983","441.57657","891.40424","38","-85.0"
"325.38452","580.1496","905.297","38","-85.0"
"373.32916","468.0493","891.99","38","-85.0"
"332.0823","565.335","913.92944","38","-85.0"
"417.9557","410.28476","897.3026","38","-85.0"
"479.6177","332.3441","860.20123","38","-85.0"
"299.563","641.33344","946.3079","38","-85.0"
"257.53296","679.2031","941.085","38","-85.0"
"275.75693","655.70966","928.78937","38","-85.0"
"257.70346","699.4037","957.65015","38","-85.0"
"308.70407","593.9457","909.0841","38","-85.0"
"372.31747","442.3542","889.9806","38","-85.0"
"372.28983","441.57657","891.40424","38","-85.0"
"325.38452","580.1496","905.297","38","-85.0"
"373.32916","468.0493","891.99","38","-85.0"
"332.0823","565.335","913.92944","38","-85.0"
"417.9557","410.28476","897.3026","38","-85.0"
"479.6177","332.3441","860.20123","38","-85.0"
"299.563","641.33344","946.3079","38","-85.0"
"257.53296","679.2031","941.085","38","-85.0"
"275.75693","655.70966","928.78937","38","-85.0"
"257.70346","699.4037","957.65015","38","-85.0"
"308.70407","593.9457","909.0841","38","-85.0"
"372.31747","442.3542","889.9806","38","-85.0"
"372.28983","441.57657","891.40424","38","-85.0"
"325.38452","580.1496","905.297","38","-85.0"
"373.32916","468.0493","891.99","38","-85.0"
"332.0823","565.335","913.92944","38","-85.0"
"417.9557","410.28476","897.3026","38","-85.0"
"479.6177","332.3441","860.20123","38","-85.0"
"299.563","641.33344","946.3079","38","-85.0"
"257.53296","679.2031","941.085","38","-85.0"
"275.75693","655.70966","928.78937","38","-85.0"
"257.70346","699.4037","957.65015","38","-85.0"
"308.70407","593.9457","909.0841","38","-85.0"
"372.31747","442.3542","889.9806","38","-85.0"
"372.28983","441.57657","891.40424","38","-85.0"
"325.38452","580.1496","905.297","38","-85.0"
"373.32916","468.0493","891.99","38","-85.0"
"332.0823","565.335","913.92944","38","-85.0"
"417.9557","410.28476","897.3026","38","-85.0"
"479.6177","332.3441","860.20123","38","-85.0"
"299.563","641.33344","946.3079","38","-85.0"
"286.2332","637.852","921.23663","38","-82.0"
"264.7648","725.059","993.3914","38","-82.0"
"302.8616","674.891","989.97394","38","-82.0"
"295.6658","624.78345","916.1867","38","-82.0"
"277.765","697.3354","985.41595","38","-82.0"
"237.45117","773.3099","1002.18286","38","-82.0"
"324.71536","581.3378","904.8814","38","-82.0"
"228.65201","753.96783","987.24646","38","-82.0"
"237.40234","743.8265","984.8414","38","-82.0"
"227.22495","760.9318","983.2714","38","-82.0"
"390.70624","461.31604","895.3503","38","-82.0"
"480.77643","347.7801","861.0315","38","-82.0"
"286.2332","637.852","921.23663","38","-82.0"
"264.7648","725.059","993.3914","38","-82.0"
"302.8616","674.891","989.97394","38","-82.0"
"295.6658","624.78345","916.1867","38","-82.0"
"277.765","697.3354","985.41595","38","-82.0"
"237.45117","773.3099","1002.18286","38","-82.0"
"324.71536","581.3378","904.8814","38","-82.0"
"228.65201","753.96783","987.24646","38","-82.0"
"237.40234","743.8265","984.8414","38","-82.0"
"227.22495","760.9318","983.2714","38","-82.0"
"390.70624","461.31604","895.3503","38","-82.0"
"480.77643","347.7801","861.0315","38","-82.0"
"286.2332","637.852","921.23663","38","-82.0"
"264.7648","725.059","993.3914","38","-82.0"
"302.8616","674.891","989.97394","38","-82.0"
"295.6658","624.78345","916.1867","38","-82.0"
"277.765","697.3354","985.41595","38","-82.0"
"237.45117","773.3099","1002.18286","38","-82.0"
"324.71536","581.3378","904.8814","38","-82.0"
"228.65201","753.96783","987.24646","38","-82.0"
"237.40234","743.8265","984.8414","38","-82.0"
"227.22495","760.9318","983.2714","38","-82.0"
"390.70624","461.31604","895.3503","38","-82.0"
"480.77643","347.7801","861.0315","38","-82.0"
"286.2332","637.852","921.23663","38","-82.0"
"264.7648","725.059","993.3914","38","-82.0"
"302.8616","674.891","989.97394","38","-82.0"
"295.6658","624.78345","916.1867","38","-82.0"
"277.765","697.3354","985.41595","38","-82.0"
"237.45117","773.3099","1002.18286","38","-82.0"
"324.71536","581.3378","904.8814","38","-82.0"
"228.65201","753.96783","987.24646","38","-82.0"
"237.40234","743.8265","984.8414","38","-82.0"
"227.22495","760.9318","983.2714","38","-82.0"
"390.70624","461.31604","895.3503","38","-82.0"
"480.77643","347.7801","861.0315","38","-82.0"
"286.2332","637.852","921.23663","38","-82.0"
"264.7648","725.059","993.3914","38","-82.0"
"302.8616","674.891","989.97394","38","-82.0"
"295.6658","624.78345","916.1867","38","-82.0"
"277.765","697.3354","985.41595","38","-82.0"
"237.45117","773.3099","1002.18286","38","-82.0"
"324.71536","581.3378","904.8814","38","-82.0"
"228.65201","753.96783","987.24646","38","-82.0"
"237.40234","743.8265","984.8414","38","-82.0"
"227.22495","760.9318","983.2714","38","-82.0"
"390.70624","461.31604","895.3503","38","-82.0"
"480.77643","347.7801","861.0315","38","-82.0"
"286.2332","637.852","921.23663","38","-82.0"
"264.7648","725.059","993.3914","38","-82.0"
"302.8616","674.891","989.97394","38","-82.0"
"295.6658","624.78345","916.1867","38","-82.0"
"277.765","697.3354","985.41595","38","-82.0"
"237.45117","773.3099","1002.18286","38","-82.0"
"324.71536","581.3378","904.8814","38","-82.0"
"228.65201","753.96783","987.24646","38","-82.0"
"237.40234","743.8265","984.8414","38","-82.0"
"227.22495","760.9318","983.2714","38","-82.0"
"390.70624","461.31604","895.3503","38","-82.0"
"480.77643","347.7801","861.0315","38","-82.0"
"203.08672","839.96344","1021.00214","36","-84.0"
"284.48874","639.4726","922.61975","36","-84.0"
"371.55737","439.4695","893.97107","36","-84.0"
"240.88724","719.48236","964.7064","36","-84.0"
"271.5436","663.60114","919.57965","36","-84.0"
"372.28983","441.57657","891.40424","36","-84.0"
"247.17981","724.86255","968.93274","36","-84.0"
"247.34991","723.0916","972.2537","36","-84.0"
"384.15018","475.8022","897.0547","36","-84.0"
"220.2854","776.7836","995.71747","36","-84.0"
"479.6177","332.3441","860.20123","36","-84.0"
"202.36813","777.1898","972.6441","36","-84.0"
"203.08672","839.96344","1021.00214","36","-84.0"
"284.48874","639.4726","922.61975","36","-84.0"
"371.55737","439.4695","893.97107","36","-84.0"
"240.88724","719.48236","964.7064","36","-84.0"
"271.5436","663.60114","919.57965","36","-84.0"
"372.28983","441.57657","891.40424","36","-84.0"
"247.17981","724.86255","968.93274","36","-84.0"
"247.34991","723.0916","972.2537","36","-84.0"
"384.15018","475.8022","897.0547","36","-84.0"
"220.2854","776.7836","995.71747","36","-84.0"
"479.6177","332.3441","860.20123","36","-84.0"
"202.36813","777.1898","972.6441","36","-84.0"
"203.08672","839.96344","1021.00214","36","-84.0"
"284.48874","639.4726","922.61975","36","-84.0"
"371.55737","439.4695","893.97107","36","-84.0"
"240.88724","719.48236","964.7064","36","-84.0"
"271.5436","663.60114","919.57965","36","-84.0"
"372.28983","441.57657","891.40424","36","-84.0"
"247.17981","724.86255","968.93274","36","-84.0"
"247.34991","723.0916","972.2537","36","-84.0"
"384.15018","475.8022","897.0547","36","-84.0"
"220.2854","776.7836","995.71747","36","-84.0"
"479.6177","332.3441","860.20123","36","-84.0"
"202.36813","777.1898","972.6441","36","-84.0"
"203.08672","839.96344","1021.00214","36","-84.0"
"284.48874","639.4726","922.61975","36","-84.0"
"371.55737","439.4695","893.97107","36","-84.0"
"240.88724","719.48236","964.7064","36","-84.0"
"271.5436","663.60114","919.57965","36","-84.0"
"372.28983","441.57657","891.40424","36","-84.0"
"247.17981","724.86255","968.93274","36","-84.0"
"247.34991","723.0916","972.2537","36","-84.0"
"384.15018","475.8022","897.0547","36","-84.0"
"220.2854","776.7836","995.71747","36","-84.0"
"479.6177","332.3441","860.20123","36","-84.0"
"202.36813","777.1898","972.6441","36","-84.0"
"203.08672","839.96344","1021.00214","36","-84.0"
"284.48874","639.4726","922.61975","36","-84.0"
"371.55737","439.4695","893.97107","36","-84.0"
"240.88724","719.48236","964.7064","36","-84.0"
"271.5436","663.60114","919.57965","36","-84.0"
"372.28983","441.57657","891.40424","36","-84.0"
"247.17981","724.86255","968.93274","36","-84.0"
"247.34991","723.0916","972.2537","36","-84.0"
"384.15018","475.8022","897.0547","36","-84.0"
"220.2854","776.7836","995.71747","36","-84.0"
"479.6177","332.3441","860.20123","36","-84.0"
"202.36813","777.1898","972.6441","36","-84.0"
"203.08672","839.96344","1021.00214","36","-84.0"
"284.48874","639.4726","922.61975","36","-84.0"
"371.55737","439.4695","893.97107","36","-84.0"
"240.88724","719.48236","964.7064","36","-84.0"
"271.5436","663.60114","919.57965","36","-84.0"
"372.28983","441.57657","891.40424","36","-84.0"
"247.17981","724.86255","968.93274","36","-84.0"
"247.34991","723.0916","972.2537","36","-84.0"
"384.15018","475.8022","897.0547","36","-84.0"
"220.2854","776.7836","995.71747","36","-84.0"
"479.6177","332.3441","860.20123","36","-84.0"
"202.36813","777.1898","972.6441","36","-84.0"
"257.53296","679.2031","941.085","39","-82.0"
"244.67139","751.847","996.8174","39","-82.0"
"252.74307","725.6787","983.43756","39","-82.0"
"368.98416","439.2354","890.99115","39","-82.0"
"259.96136","681.19244","930.6223","39","-82.0"
"372.28983","452.91443","891.40424","39","-82.0"
"252.60034","690.86224","933.557","39","-82.0"
"358.05817","517.232","901.55554","39","-82.0"
"476.6726","329.83273","861.8653","39","-82.0"
"477.70892","331.24734","861.74207","39","-82.0"
"243.03195","734.6923","977.1677","39","-82.0"
"339.6491","581.356","925.89136","39","-82.0"
"257.53296","679.2031","941.085","39","-82.0"
"244.67139","751.847","996.8174","39","-82.0"
"252.74307","725.6787","983.43756","39","-82.0"
"368.98416","439.2354","890.99115","39","-82.0"
"259.96136","681.19244","930.6223","39","-82.0"
"372.28983","452.91443","891.40424","39","-82.0"
"252.60034","690.86224","933.557","39","-82.0"
"358.05817","517.232","901.55554","39","-82.0"
"476.6726","329.83273","861.8653","39","-82.0"
"477.70892","331.24734","861.74207","39","-82.0"
"243.03195","734.6923","977.1677","39","-82.0"
"339.6491","581.356","925.89136","39","-82.0"
"257.53296","679.2031","941.085","39","-82.0"
"244.67139","751.847","996.8174","39","-82.0"
"252.74307","725.6787","983.43756","39","-82.0"
"368.98416","439.2354","890.99115","39","-82.0"
"259.96136","681.19244","930.6223","39","-82.0"
"372.28983","452.91443","891.40424","39","-82.0"
"252.60034","690.86224","933.557","39","-82.0"
"358.05817","517.232","901.55554","39","-82.0"
"476.6726","329.83273","861.8653","39","-82.0"
"477.70892","331.24734","861.74207","39","-82.0"
"243.03195","734.6923","977.1677","39","-82.0"
"339.6491","581.356","925.89136","39","-82.0"
"257.53296","679.2031","941.085","39","-82.0"
"244.67139","751.847","996.8174","39","-82.0"
"252.74307","725.6787","983.43756","39","-82.0"
"368.98416","439.2354","890.99115","39","-82.0"
"259.96136","681.19244","930.6223","39","-82.0"
"372.28983","452.91443","891.40424","39","-82.0"
"252.60034","690.86224","933.557","39","-82.0"
"358.05817","517.232","901.55554","39","-82.0"
"476.6726","329.83273","861.8653","39","-82.0"
"477.70892","331.24734","861.74207","39","-82.0"
"243.03195","734.6923","977.1677","39","-82.0"
"339.6491","581.356","925.89136","39","-82.0"
"257.53296","679.2031","941.085","39","-82.0"
"244.67139","751.847","996.8174","39","-82.0"
"252.74307","725.6787","983.43756","39","-82.0"
"368.98416","439.2354","890.99115","39","-82.0"
"259.96136","681.19244","930.6223","39","-82.0"
"372.28983","452.91443","891.40424","39","-82.0"
"252.60034","690.86224","933.557","39","-82.0"
"358.05817","517.232","901.55554","39","-82.0"
"476.6726","329.83273","861.8653","39","-82.0"
"477.70892","331.24734","861.74207","39","-82.0"
"243.03195","734.6923","977.1677","39","-82.0"
"339.6491","581.356","925.89136","39","-82.0"
"257.53296","679.2031","941.085","39","-82.0"
"244.67139","751.847","996.8174","39","-82.0"
"252.74307","725.6787","983.43756","39","-82.0"
"368.98416","439.2354","890.99115","39","-82.0"
"259.96136","681.19244","930.6223","39","-82.0"
"372.28983","452.91443","891.40424","39","-82.0"
"252.60034","690.86224","933.557","39","-82.0"
"358.05817","517.232","901.55554","39","-82.0"
"476.6726","329.83273","861.8653","39","-82.0"
"477.70892","331.24734","861.74207","39","-82.0"
"243.03195","734.6923","977.1677","39","-82.0"
"339.6491","581.356","925.89136","39","-82.0"
"255.80318","686.15393","944.3017","39","-84.0"
"225.4162","755.7638","987.50336","39","-84.0"
"262.3685","735.8216","995.4205","39","-84.0"
"263.7268","703.7822","973.3534","39","-84.0"
"271.82718","664.73114","919.9679","39","-84.0"
"374.41418","462.19464","891.8933","39","-84.0"
"272.40988","661.93646","918.5465","39","-84.0"
"231.67662","717.1554","938.53656","39","-84.0"
"476.6726","329.83273","861.8653","39","-84.0"
"477.70892","331.24734","861.74207","39","-84.0"
"343.0135","578.4215","911.5926","39","-84.0"
"315.86484","584.78705","923.6093","39","-84.0"
"255.80318","686.15393","944.3017","39","-84.0"
"225.4162","755.7638","987.50336","39","-84.0"
"262.3685","735.8216","995.4205","39","-84.0"
"263.7268","703.7822","973.3534","39","-84.0"
"271.82718","664.73114","919.9679","39","-84.0"
"374.41418","462.19464","891.8933","39","-84.0"
"272.40988","661.93646","918.5465","39","-84.0"
"231.67662","717.1554","938.53656","39","-84.0"
"476.6726","329.83273","861.8653","39","-84.0"
"477.70892","331.24734","861.74207","39","-84.0"
"343.0135","578.4215","911.5926","39","-84.0"
"315.86484","584.78705","923.6093","39","-84.0"
"255.80318","686.15393","944.3017","39","-84.0"
"225.4162","755.7638","987.50336","39","-84.0"
"262.3685","735.8216","995.4205","39","-84.0"
"263.7268","703.7822","973.3534","39","-84.0"
"271.82718","664.73114","919.9679","39","-84.0"
"374.41418","462.19464","891.8933","39","-84.0"
"272.40988","661.93646","918.5465","39","-84.0"
"231.67662","717.1554","938.53656","39","-84.0"
"476.6726","329.83273","861.8653","39","-84.0"
"477.70892","331.24734","861.74207","39","-84.0"
"343.0135","578.4215","911.5926","39","-84.0"
"315.86484","584.78705","923.6093","39","-84.0"
"255.80318","686.15393","944.3017","39","-84.0"
"225.4162","755.7638","987.50336","39","-84.0"
"262.3685","735.8216","995.4205","39","-84.0"
"263.7268","703.7822","973.3534","39","-84.0"
"271.82718","664.73114","919.9679","39","-84.0"
"374.41418","462.19464","891.8933","39","-84.0"
"272.40988","661.93646","918.5465","39","-84.0"
"231.67662","717.1554","938.53656","39","-84.0"
"476.6726","329.83273","861.8653","39","-84.0"
"477.70892","331.24734","861.74207","39","-84.0"
"343.0135","578.4215","911.5926","39","-84.0"
"315.86484","584.78705","923.6093","39","-84.0"
"255.80318","686.15393","944.3017","39","-84.0"
"225.4162","755.7638","987.50336","39","-84.0"
"262.3685","735.8216","995.4205","39","-84.0"
"263.7268","703.7822","973.3534","39","-84.0"
"271.82718","664.73114","919.9679","39","-84.0"
"374.41418","462.19464","891.8933","39","-84.0"
"272.40988","661.93646","918.5465","39","-84.0"
"231.67662","717.1554","938.53656","39","-84.0"
"476.6726","329.83273","861.8653","39","-84.0"
"477.70892","331.24734","861.74207","39","-84.0"
"343.0135","578.4215","911.5926","39","-84.0"
"315.86484","584.78705","923.6093","39","-84.0"
"255.80318","686.15393","944.3017","39","-84.0"
"225.4162","755.7638","987.50336","39","-84.0"
"262.3685","735.8216","995.4205","39","-84.0"
"263.7268","703.7822","973.3534","39","-84.0"
"271.82718","664.73114","919.9679","39","-84.0"
"374.41418","462.19464","891.8933","39","-84.0"
"272.40988","661.93646","918.5465","39","-84.0"
"231.67662","717.1554","938.53656","39","-84.0"
"476.6726","329.83273","861.8653","39","-84.0"
"477.70892","331.24734","861.74207","39","-84.0"
"343.0135","578.4215","911.5926","39","-84.0"
"315.86484","584.78705","923.6093","39","-84.0"
"246.26955","698.8194","941.9622","38","-87.0"
"225.54034","757.78217","995.31274","38","-87.0"
"290.14633","640.92896","929.2549","38","-87.0"
"411.68243","421.0777","893.0934","38","-87.0"
"237.52467","781.8658","1007.07446","38","-87.0"
"374.41418","452.91443","891.40424","38","-87.0"
"372.67825","452.68625","890.88885","38","-87.0"
"240.04108","740.61163","981.7735","38","-87.0"
"265.10025","725.435","992.6503","38","-87.0"
"416.5308","369.09222","888.5807","38","-87.0"
"246.2488","747.46967","994.6395","38","-87.0"
"341.42184","573.9385","911.4684","38","-87.0"
"246.26955","698.8194","941.9622","38","-87.0"
"225.54034","757.78217","995.31274","38","-87.0"
"290.14633","640.92896","929.2549","38","-87.0"
"411.68243","421.0777","893.0934","38","-87.0"
"237.52467","781.8658","1007.07446","38","-87.0"
"374.41418","452.91443","891.40424","38","-87.0"
"372.67825","452.68625","890.88885","38","-87.0"
"240.04108","740.61163","981.7735","38","-87.0"
"265.10025","725.435","992.6503","38","-87.0"
"416.5308","369.09222","888.5807","38","-87.0"
"246.2488","747.46967","994.6395","38","-87.0"
"341.42184","573.9385","911.4684","38","-87.0"
"246.26955","698.8194","941.9622","38","-87.0"
"225.54034","757.78217","995.31274","38","-87.0"
"290.14633","640.92896","929.2549","38","-87.0"
"411.68243","421.0777","893.0934","38","-87.0"
"237.52467","781.8658","1007.07446","38","-87.0"
"374.41418","452.91443","891.40424","38","-87.0"
"372.67825","452.68625","890.88885","38","-87.0"
"240.04108","740.61163","981.7735","38","-87.0"
"265.10025","725.435","992.6503","38","-87.0"
"416.5308","369.09222","888.5807","38","-87.0"
"246.2488","747.46967","994.6395","38","-87.0"
"341.42184","573.9385","911.4684","38","-87.0"
"246.26955","698.8194","941.9622","38","-87.0"
"225.54034","757.78217","995.31274","38","-87.0"
"290.14633","640.92896","929.2549","38","-87.0"
"411.68243","421.0777","893.0934","38","-87.0"
"237.52467","781.8658","1007.07446","38","-87.0"
"374.41418","452.91443","891.40424","38","-87.0"
"372.67825","452.68625","890.88885","38","-87.0"
"240.04108","740.61163","981.7735","38","-87.0"
"265.10025","725.435","992.6503","38","-87.0"
"416.5308","369.09222","888.5807","38","-87.0"
"246.2488","747.46967","994.6395","38","-87.0"
"341.42184","573.9385","911.4684","38","-87.0"
"246.26955","698.8194","941.9622","38","-87.0"
"225.54034","757.78217","995.31274","38","-87.0"
"290.14633","640.92896","929.2549","38","-87.0"
"411.68243","421.0777","893.0934","38","-87.0"
"237.52467","781.8658","1007.07446","38","-87.0"
"374.41418","452.91443","891.40424","38","-87.0"
"372.67825","452.68625","890.88885","38","-87.0"
"240.04108","740.61163","981.7735","38","-87.0"
"265.10025","725.435","992.6503","38","-87.0"
"416.5308","369.09222","888.5807","38","-87.0"
"246.2488","747.46967","994.6395","38","-87.0"
"341.42184","573.9385","911.4684","38","-87.0"
"246.26955","698.8194","941.9622","38","-87.0"
"225.54034","757.78217","995.31274","38","-87.0"
"290.14633","640.92896","929.2549","38","-87.0"
"411.68243","421.0777","893.0934","38","-87.0"
"237.52467","781.8658","1007.07446","38","-87.0"
"374.41418","452.91443","891.40424","38","-87.0"
"372.67825","452.68625","890.88885","38","-87.0"
"240.04108","740.61163","981.7735","38","-87.0"
"265.10025","725.435","992.6503","38","-87.0"
"416.5308","369.09222","888.5807","38","-87.0"
"246.2488","747.46967","994.6395","38","-87.0"
"341.42184","573.9385","911.4684","38","-87.0"
"220.95752","743.80786","959.6801","38","-90.0"
"372.57147","468.93237","895.7747","38","-90.0"
"269.75305","698.29443","972.8559","38","-90.0"
"244.69704","767.79346","1007.34406","38","-90.0"
"256.75433","739.5563","992.52057","38","-90.0"
"226.36487","734.7666","955.6375","38","-90.0"
"372.67825","451.5563","890.88885","38","-90.0"
"222.47108","745.2664","963.12964","38","-90.0"
"476.6726","328.70282","861.8653","38","-90.0"
"339.3219","566.18207","927.4005","38","-90.0"
"227.46773","762.02856","982.8824","38","-90.0"
"421.79562","359.16507","887.8701","38","-90.0"
"220.95752","743.80786","959.6801","38","-90.0"
"372.57147","468.93237","895.7747","38","-90.0"
"269.75305","698.29443","972.8559","38","-90.0"
"244.69704","767.79346","1007.34406","38","-90.0"
"256.75433","739.5563","992.52057","38","-90.0"
"226.36487","734.7666","955.6375","38","-90.0"
"372.67825","451.5563","890.88885","38","-90.0"
"222.47108","745.2664","963.12964","38","-90.0"
"476.6726","328.70282","861.8653","38","-90.0"
"339.3219","566.18207","927.4005","38","-90.0"
"227.46773","762.02856","982.8824","38","-90.0"
"421.79562","359.16507","887.8701","38","-90.0"
"220.95752","743.80786","959.6801","38","-90.0"
"372.57147","468.93237","895.7747","38","-90.0"
"269.75305","698.29443","972.8559","38","-90.0"
"244.69704","767.79346","1007.34406","38","-90.0"
"256.75433","739.5563","992.52057","38","-90.0"
"226.36487","734.7666","955.6375","38","-90.0"
"372.67825","451.5563","890.88885","38","-90.0"
"222.47108","745.2664","963.12964","38","-90.0"
"476.6726","328.70282","861.8653","38","-90.0"
"339.3219","566.18207","927.4005","38","-90.0"
"227.46773","762.02856","982.8824","38","-90.0"
"421.79562","359.16507","887.8701","38","-90.0"
"220.95752","743.80786","959.6801","38","-90.0"
"372.57147","468.93237","895.7747","38","-90.0"
"269.75305","698.29443","972.8559","38","-90.0"
"244.69704","767.79346","1007.34406","38","-90.0"
"256.75433","739.5563","992.52057","38","-90.0"
"226.36487","734.7666","955.6375","38","-90.0"
"372.67825","451.5563","890.88885","38","-90.0"
"222.47108","745.2664","963.12964","38","-90.0"
"476.6726","328.70282","861.8653","38","-90.0"
"339.3219","566.18207","927.4005","38","-90.0"
"227.46773","762.02856","982.8824","38","-90.0"
"421.79562","359.16507","887.8701","38","-90.0"
"220.95752","743.80786","959.6801","38","-90.0"
"372.57147","468.93237","895.7747","38","-90.0"
"269.75305","698.29443","972.8559","38","-90.0"
"244.69704","767.79346","1007.34406","38","-90.0"
"256.75433","739.5563","992.52057","38","-90.0"
"226.36487","734.7666","955.6375","38","-90.0"
"372.67825","451.5563","890.88885","38","-90.0"
"222.47108","745.2664","963.12964","38","-90.0"
"476.6726","328.70282","861.8653","38","-90.0"
"339.3219","566.18207","927.4005","38","-90.0"
"227.46773","762.02856","982.8824","38","-90.0"
"421.79562","359.16507","887.8701","38","-90.0"
"220.95752","743.80786","959.6801","38","-90.0"
"372.57147","468.93237","895.7747","38","-90.0"
"269.75305","698.29443","972.8559","38","-90.0"
"244.69704","767.79346","1007.34406","38","-90.0"
"256.75433","739.5563","992.52057","38","-90.0"
"226.36487","734.7666","955.6375","38","-90.0"
"372.67825","451.5563","890.88885","38","-90.0"
"222.47108","745.2664","963.12964","38","-90.0"
"476.6726","328.70282","861.8653","38","-90.0"
"339.3219","566.18207","927.4005","38","-90.0"
"227.46773","762.02856","982.8824","38","-90.0"
"421.79562","359.16507","887.8701","38","-90.0"
"214.6628","757.33","970.18494","37","-88.0"
"335.74097","568.63385","911.15","37","-88.0"
"414.25565","421.3118","896.0733","37","-88.0"
"260.57678","738.7529","995.52313","37","-88.0"
"253.3993","709.77484","972.63696","37","-88.0"
"372.28983","441.57657","891.40424","37","-88.0"
"372.67825","452.68625","890.88885","37","-88.0"
"268.7115","671.9452","936.9423","37","-88.0"
"332.8066","563.8091","910.6384","37","-88.0"
"338.5983","568.04376","920.99445","37","-88.0"
"350.47903","547.11743","911.18726","37","-88.0"
"480.77643","347.7801","861.0315","37","-88.0"
"214.6628","757.33","970.18494","37","-88.0"
"335.74097","568.63385","911.15","37","-88.0"
"414.25565","421.3118","896.0733","37","-88.0"
"260.57678","738.7529","995.52313","37","-88.0"
"253.3993","709.77484","972.63696","37","-88.0"
"372.28983","441.57657","891.40424","37","-88.0"
"372.67825","452.68625","890.88885","37","-88.0"
"268.7115","671.9452","936.9423","37","-88.0"
"332.8066","563.8091","910.6384","37","-88.0"
"338.5983","568.04376","920.99445","37","-88.0"
"350.47903","547.11743","911.18726","37","-88.0"
"480.77643","347.7801","861.0315","37","-88.0"
"214.6628","757.33","970.18494","37","-88.0"
"335.74097","568.63385","911.15","37","-88.0"
"414.25565","421.3118","896.0733","37","-88.0"
"260.57678","738.7529","995.52313","37","-88.0"
"253.3993","709.77484","972.63696","37","-88.0"
"372.28983","441.57657","891.40424","37","-88.0"
"372.67825","452.68625","890.88885","37","-88.0"
"268.7115","671.9452","936.9423","37","-88.0"
"332.8066","563.8091","910.6384","37","-88.0"
"338.5983","568.04376","920.99445","37","-88.0"
"350.47903","547.11743","911.18726","37","-88.0"
"480.77643","347.7801","861.0315","37","-88.0"
"214.6628","757.33","970.18494","37","-88.0"
"335.74097","568.63385","911.15","37","-88.0"
"414.25565","421.3118","896.0733","37","-88.0"
"260.57678","738.7529","995.52313","37","-88.0"
"253.3993","709.77484","972.63696","37","-88.0"
"372.28983","441.57657","891.40424","37","-88.0"
"372.67825","452.68625","890.88885","37","-88.0"
"268.7115","671.9452","936.9423","37","-88.0"
"332.8066","563.8091","910.6384","37","-88.0"
"338.5983","568.04376","920.99445","37","-88.0"
"350.47903","547.11743","911.18726","37","-88.0"
"480.77643","347.7801","861.0315","37","-88.0"
"214.6628","757.33","970.18494","37","-88.0"
"335.74097","568.63385","911.15","37","-88.0"
"414.25565","421.3118","896.0733","37","-88.0"
"260.57678","738.7529","995.52313","37","-88.0"
"253.3993","709.77484","972.63696","37","-88.0"
"372.28983","441.57657","891.40424","37","-88.0"
"372.67825","452.68625","890.88885","37","-88.0"
"268.7115","671.9452","936.9423","37","-88.0"
"332.8066","563.8091","910.6384","37","-88.0"
"338.5983","568.04376","920.99445","37","-88.0"
"350.47903","547.11743","911.18726","37","-88.0"
"480.77643","347.7801","861.0315","37","-88.0"
"214.6628","757.33","970.18494","37","-88.0"
"335.74097","568.63385","911.15","37","-88.0"
"414.25565","421.3118","896.0733","37","-88.0"
"260.57678","738.7529","995.52313","37","-88.0"
"253.3993","709.77484","972.63696","37","-88.0"
"372.28983","441.57657","891.40424","37","-88.0"
"372.67825","452.68625","890.88885","37","-88.0"
"268.7115","671.9452","936.9423","37","-88.0"
"332.8066","563.8091","910.6384","37","-88.0"
"338.5983","568.04376","920.99445","37","-88.0"
"350.47903","547.11743","911.18726","37","-88.0"
"480.77643","347.7801","861.0315","37","-88.0"
"294.90253","625.1718","920.00507","39","-86.0"
"228.98018","730.6255","960.83765","39","-86.0"
"414.25565","421.3118","896.0733","39","-86.0"
"248.46564","763.47766","1000.7435","39","-86.0"
"225.5903","742.6981","960.8352","39","-86.0"
"273.15878","654.3575","921.95447","39","-86.0"
"268.99655","713.92773","990.85986","39","-86.0"
"212.25784","752.81525","962.05817","39","-86.0"
"358.84598","536.25244","920.2335","39","-86.0"
"477.70892","331.24734","861.74207","39","-86.0"
"237.88638","738.4157","969.5185","39","-86.0"
"289.94058","658.5307","952.13074","39","-86.0"
"294.90253","625.1718","920.00507","39","-86.0"
"228.98018","730.6255","960.83765","39","-86.0"
"414.25565","421.3118","896.0733","39","-86.0"
"248.46564","763.47766","1000.7435","39","-86.0"
"225.5903","742.6981","960.8352","39","-86.0"
"273.15878","654.3575","921.95447","39","-86.0"
"268.99655","713.92773","990.85986","39","-86.0"
"212.25784","752.81525","962.05817","39","-86.0"
"358.84598","536.25244","920.2335","39","-86.0"
"477.70892","331.24734","861.74207","39","-86.0"
"237.88638","738.4157","969.5185","39","-86.0"
"289.94058","658.5307","952.13074","39","-86.0"
"294.90253","625.1718","920.00507","39","-86.0"
"228.98018","730.6255","960.83765","39","-86.0"
"414.25565","421.3118","896.0733","39","-86.0"
"248.46564","763.47766","1000.7435","39","-86.0"
"225.5903","742.6981","960.8352","39","-86.0"
"273.15878","654.3575","921.95447","39","-86.0"
"268.99655","713.92773","990.85986","39","-86.0"
"212.25784","752.81525","962.05817","39","-86.0"
"358.84598","536.25244","920.2335","39","-86.0"
"477.70892","331.24734","861.74207","39","-86.0"
"237.88638","738.4157","969.5185","39","-86.0"
"289.94058","658.5307","952.13074","39","-86.0"
"294.90253","625.1718","920.00507","39","-86.0"
"228.98018","730.6255","960.83765","39","-86.0"
"414.25565","421.3118","896.0733","39","-86.0"
"248.46564","763.47766","1000.7435","39","-86.0"
"225.5903","742.6981","960.8352","39","-86.0"
"273.15878","654.3575","921.95447","39","-86.0"
"268.99655","713.92773","990.85986","39","-86.0"
"212.25784","752.81525","962.05817","39","-86.0"
"358.84598","536.25244","920.2335","39","-86.0"
"477.70892","331.24734","861.74207","39","-86.0"
"237.88638","738.4157","969.5185","39","-86.0"
"289.94058","658.5307","952.13074","39","-86.0"
"294.90253","625.1718","920.00507","39","-86.0"
"228.98018","730.6255","960.83765","39","-86.0"
"414.25565","421.3118","896.0733","39","-86.0"
"248.46564","763.47766","1000.7435","39","-86.0"
"225.5903","742.6981","960.8352","39","-86.0"
"273.15878","654.3575","921.95447","39","-86.0"
"268.99655","713.92773","990.85986","39","-86.0"
"212.25784","752.81525","962.05817","39","-86.0"
"358.84598","536.25244","920.2335","39","-86.0"
"477.70892","331.24734","861.74207","39","-86.0"
"237.88638","738.4157","969.5185","39","-86.0"
"289.94058","658.5307","952.13074","39","-86.0"
"294.90253","625.1718","920.00507","39","-86.0"
"228.98018","730.6255","960.83765","39","-86.0"
"414.25565","421.3118","896.0733","39","-86.0"
"248.46564","763.47766","1000.7435","39","-86.0"
"225.5903","742.6981","960.8352","39","-86.0"
"273.15878","654.3575","921.95447","39","-86.0"
"268.99655","713.92773","990.85986","39","-86.0"
"212.25784","752.81525","962.05817","39","-86.0"
"358.84598","536.25244","920.2335","39","-86.0"
"477.70892","331.24734","861.74207","39","-86.0"
"237.88638","738.4157","969.5185","39","-86.0"
"289.94058","658.5307","952.13074","39","-86.0"
"214.5226","766.682","978.8976","39","-89.0"
"372.57147","468.93237","895.7747","39","-89.0"
"299.57077","621.37366","927.9506","39","-89.0"
"288.1863","641.0197","930.59686","39","-89.0"
"372.31747","443.48413","889.9806","39","-89.0"
"320.99088","583.8035","905.4325","39","-89.0"
"221.38094","742.6212","953.7679","39","-89.0"
"243.31396","758.9255","997.0784","39","-89.0"
"333.789","551.9239","925.809","39","-89.0"
"291.2022","644.0186","940.2518","39","-89.0"
"481.4345","318.90845","860.20123","39","-89.0"
"421.79562","359.16507","887.8701","39","-89.0"
"214.5226","766.682","978.8976","39","-89.0"
"372.57147","468.93237","895.7747","39","-89.0"
"299.57077","621.37366","927.9506","39","-89.0"
"288.1863","641.0197","930.59686","39","-89.0"
"372.31747","443.48413","889.9806","39","-89.0"
"320.99088","583.8035","905.4325","39","-89.0"
"221.38094","742.6212","953.7679","39","-89.0"
"243.31396","758.9255","997.0784","39","-89.0"
"333.789","551.9239","925.809","39","-89.0"
"291.2022","644.0186","940.2518","39","-89.0"
"481.4345","318.90845","860.20123","39","-89.0"
"421.79562","359.16507","887.8701","39","-89.0"
"214.5226","766.682","978.8976","39","-89.0"
"372.57147","468.93237","895.7747","39","-89.0"
"299.57077","621.37366","927.9506","39","-89.0"
"288.1863","641.0197","930.59686","39","-89.0"
"372.31747","443.48413","889.9806","39","-89.0"
"320.99088","583.8035","905.4325","39","-89.0"
"221.38094","742.6212","953.7679","39","-89.0"
"243.31396","758.9255","997.0784","39","-89.0"
"333.789","551.9239","925.809","39","-89.0"
"291.2022","644.0186","940.2518","39","-89.0"
"481.4345","318.90845","860.20123","39","-89.0"
"421.79562","359.16507","887.8701","39","-89.0"
"214.5226","766.682","978.8976","39","-89.0"
"372.57147","468.93237","895.7747","39","-89.0"
"299.57077","621.37366","927.9506","39","-89.0"
"288.1863","641.0197","930.59686","39","-89.0"
"372.31747","443.48413","889.9806","39","-89.0"
"320.99088","583.8035","905.4325","39","-89.0"
"221.38094","742.6212","953.7679","39","-89.0"
"243.31396","758.9255","997.0784","39","-89.0"
"333.789","551.9239","925.809","39","-89.0"
"291.2022","644.0186","940.2518","39","-89.0"
"481.4345","318.90845","860.20123","39","-89.0"
"421.79562","359.16507","887.8701","39","-89.0"
"214.5226","766.682","978.8976","39","-89.0"
"372.57147","468.93237","895.7747","39","-89.0"
"299.57077","621.37366","927.9506","39","-89.0"
"288.1863","641.0197","930.59686","39","-89.0"
"372.31747","443.48413","889.9806","39","-89.0"
"320.99088","583.8035","905.4325","39","-89.0"
"221.38094","742.6212","953.7679","39","-89.0"
"243.31396","758.9255","997.0784","39","-89.0"
"333.789","551.9239","925.809","39","-89.0"
"291.2022","644.0186","940.2518","39","-89.0"
"481.4345","318.90845","860.20123","39","-89.0"
"421.79562","359.16507","887.8701","39","-89.0"
"214.5226","766.682","978.8976","39","-89.0"
"372.57147","468.93237","895.7747","39","-89.0"
"299.57077","621.37366","927.9506","39","-89.0"
"288.1863","641.0197","930.59686","39","-89.0"
"372.31747","443.48413","889.9806","39","-89.0"
"320.99088","583.8035","905.4325","39","-89.0"
"221.38094","742.6212","953.7679","39","-89.0"
"243.31396","758.9255","997.0784","39","-89.0"
"333.789","551.9239","925.809","39","-89.0"
"291.2022","644.0186","940.2518","39","-89.0"
"481.4345","318.90845","860.20123","39","-89.0"
"421.79562","359.16507","887.8701","39","-89.0"
"218.97348","798.7831","1012.2209","37","-93.0"
"372.57147","468.93237","895.7747","37","-93.0"
"277.48965","710.1476","993.014","37","-93.0"
"244.72041","771.53284","1007.34406","37","-93.0"
"260.11636","681.19244","929.01984","37","-93.0"
"250.50407","717.81415","977.0047","37","-93.0"
"252.35416","686.82306","933.8253","37","-93.0"
"373.32916","468.0493","891.99","37","-93.0"
"229.87965","786.9361","1005.90094","37","-93.0"
"297.6747","638.20636","944.11456","37","-93.0"
"306.278","615.59015","939.9985","37","-93.0"
"421.79562","359.16507","887.8701","37","-93.0"
"218.97348","798.7831","1012.2209","37","-93.0"
"372.57147","468.93237","895.7747","37","-93.0"
"277.48965","710.1476","993.014","37","-93.0"
"244.72041","771.53284","1007.34406","37","-93.0"
"260.11636","681.19244","929.01984","37","-93.0"
"250.50407","717.81415","977.0047","37","-93.0"
"252.35416","686.82306","933.8253","37","-93.0"
"373.32916","468.0493","891.99","37","-93.0"
"229.87965","786.9361","1005.90094","37","-93.0"
"297.6747","638.20636","944.11456","37","-93.0"
"306.278","615.59015","939.9985","37","-93.0"
"421.79562","359.16507","887.8701","37","-93.0"
"218.97348","798.7831","1012.2209","37","-93.0"
"372.57147","468.93237","895.7747","37","-93.0"
"277.48965","710.1476","993.014","37","-93.0"
"244.72041","771.53284","1007.34406","37","-93.0"
"260.11636","681.19244","929.01984","37","-93.0"
"250.50407","717.81415","977.0047","37","-93.0"
"252.35416","686.82306","933.8253","37","-93.0"
"373.32916","468.0493","891.99","37","-93.0"
"229.87965","786.9361","1005.90094","37","-93.0"
"297.6747","638.20636","944.11456","37","-93.0"
"306.278","615.59015","939.9985","37","-93.0"
"421.79562","359.16507","887.8701","37","-93.0"
"218.97348","798.7831","1012.2209","37","-93.0"
"372.57147","468.93237","895.7747","37","-93.0"
"277.48965","710.1476","993.014","37","-93.0"
"244.72041","771.53284","1007.34406","37","-93.0"
"260.11636","681.19244","929.01984","37","-93.0"
"250.50407","717.81415","977.0047","37","-93.0"
"252.35416","686.82306","933.8253","37","-93.0"
"373.32916","468.0493","891.99","37","-93.0"
"229.87965","786.9361","1005.90094","37","-93.0"
"297.6747","638.20636","944.11456","37","-93.0"
"306.278","615.59015","939.9985","37","-93.0"
"421.79562","359.16507","887.8701","37","-93.0"
"218.97348","798.7831","1012.2209","37","-93.0"
"372.57147","468.93237","895.7747","37","-93.0"
"277.48965","710.1476","993.014","37","-93.0"
"244.72041","771.53284","1007.34406","37","-93.0"
"260.11636","681.19244","929.01984","37","-93.0"
"250.50407","717.81415","977.0047","37","-93.0"
"252.35416","686.82306","933.8253","37","-93.0"
"373.32916","468.0493","891.99","37","-93.0"
"229.87965","786.9361","1005.90094","37","-93.0"
"297.6747","638.20636","944.11456","37","-93.0"
"306.278","615.59015","939.9985","37","-93.0"
"421.79562","359.16507","887.8701","37","-93.0"
"218.97348","798.7831","1012.2209","37","-93.0"
"372.57147","468.93237","895.7747","37","-93.0"
"277.48965","710.1476","993.014","37","-93.0"
"244.72041","771.53284","1007.34406","37","-93.0"
"260.11636","681.19244","929.01984","37","-93.0"
"250.50407","717.81415","977.0047","37","-93.0"
"252.35416","686.82306","933.8253","37","-93.0"
"373.32916","468.0493","891.99","37","-93.0"
"229.87965","786.9361","1005.90094","37","-93.0"
"297.6747","638.20636","944.11456","37","-93.0"
"306.278","615.59015","939.9985","37","-93.0"
"421.79562","359.16507","887.8701","37","-93.0"
"235.93521","758.99976","998.07654","38","-91.0"
"372.57147","468.93237","895.7747","38","-91.0"
"269.75305","698.29443","972.8559","38","-91.0"
"279.17538","650.38007","929.34686","38","-91.0"
"264.66187","721.2677","990.97473","38","-91.0"
"242.52307","731.7475","973.9165","38","-91.0"
"268.26505","671.1516","932.84424","38","-91.0"
"227.45244","731.18823","956.9345","38","-91.0"
"476.6726","329.83273","861.8653","38","-91.0"
"318.55304","590.7605","913.4531","38","-91.0"
"228.7927","753.16534","983.62714","38","-91.0"
"418.6695","368.44528","887.8701","38","-91.0"
"235.93521","758.99976","998.07654","38","-91.0"
"372.57147","468.93237","895.7747","38","-91.0"
"269.75305","698.29443","972.8559","38","-91.0"
"279.17538","650.38007","929.34686","38","-91.0"
"264.66187","721.2677","990.97473","38","-91.0"
"242.52307","731.7475","973.9165","38","-91.0"
"268.26505","671.1516","932.84424","38","-91.0"
"227.45244","731.18823","956.9345","38","-91.0"
"476.6726","329.83273","861.8653","38","-91.0"
"318.55304","590.7605","913.4531","38","-91.0"
"228.7927","753.16534","983.62714","38","-91.0"
"418.6695","368.44528","887.8701","38","-91.0"
"235.93521","758.99976","998.07654","38","-91.0"
"372.57147","468.93237","895.7747","38","-91.0"
"269.75305","698.29443","972.8559","38","-91.0"
"279.17538","650.38007","929.34686","38","-91.0"
"264.66187","721.2677","990.97473","38","-91.0"
"242.52307","731.7475","973.9165","38","-91.0"
"268.26505","671.1516","932.84424","38","-91.0"
"227.45244","731.18823","956.9345","38","-91.0"
"476.6726","329.83273","861.8653","38","-91.0"
"318.55304","590.7605","913.4531","38","-91.0"
"228.7927","753.16534","983.62714","38","-91.0"
"418.6695","368.44528","887.8701","38","-91.0"
"235.93521","758.99976","998.07654","38","-91.0"
"372.57147","468.93237","895.7747","38","-91.0"
"269.75305","698.29443","972.8559","38","-91.0"
"279.17538","650.38007","929.34686","38","-91.0"
"264.66187","721.2677","990.97473","38","-91.0"
"242.52307","731.7475","973.9165","38","-91.0"
"268.26505","671.1516","932.84424","38","-91.0"
"227.45244","731.18823","956.9345","38","-91.0"
"476.6726","329.83273","861.8653","38","-91.0"
"318.55304","590.7605","913.4531","38","-91.0"
"228.7927","753.16534","983.62714","38","-91.0"
"418.6695","368.44528","887.8701","38","-91.0"
"235.93521","758.99976","998.07654","38","-91.0"
"372.57147","468.93237","895.7747","38","-91.0"
"269.75305","698.29443","972.8559","38","-91.0"
"279.17538","650.38007","929.34686","38","-91.0"
"264.66187","721.2677","990.97473","38","-91.0"
"242.52307","731.7475","973.9165","38","-91.0"
"268.26505","671.1516","932.84424","38","-91.0"
"227.45244","731.18823","956.9345","38","-91.0"
"476.6726","329.83273","861.8653","38","-91.0"
"318.55304","590.7605","913.4531","38","-91.0"
"228.7927","753.16534","983.62714","38","-91.0"
"418.6695","368.44528","887.8701","38","-91.0"
"235.93521","758.99976","998.07654","38","-91.0"
"372.57147","468.93237","895.7747","38","-91.0"
"269.75305","698.29443","972.8559","38","-91.0"
"279.17538","650.38007","929.34686","38","-91.0"
"264.66187","721.2677","990.97473","38","-91.0"
"242.52307","731.7475","973.9165","38","-91.0"
"268.26505","671.1516","932.84424","38","-91.0"
"227.45244","731.18823","956.9345","38","-91.0"
"476.6726","329.83273","861.8653","38","-91.0"
"318.55304","590.7605","913.4531","38","-91.0"
"228.7927","753.16534","983.62714","38","-91.0"
"418.6695","368.44528","887.8701","38","-91.0"
"215.57697","760.9338","971.23004","38","-92.0"
"372.57147","476.40945","895.7747","38","-92.0"
"303.5963","670.95306","989.97394","38","-92.0"
"244.72041","771.53284","1007.34406","38","-92.0"
"246.37537","731.65027","979.74756","38","-92.0"
"242.52307","731.5225","974.4247","38","-92.0"
"372.67825","452.68625","890.88885","38","-92.0"
"373.32916","468.0493","891.99","38","-92.0"
"416.26523","388.46658","895.9622","38","-92.0"
"192.39468","790.94104","974.29724","38","-92.0"
"229.47656","757.9541","989.59485","38","-92.0"
"421.79562","359.16507","887.8701","38","-92.0"
"215.57697","760.9338","971.23004","38","-92.0"
"372.57147","476.40945","895.7747","38","-92.0"
"303.5963","670.95306","989.97394","38","-92.0"
"244.72041","771.53284","1007.34406","38","-92.0"
"246.37537","731.65027","979.74756","38","-92.0"
"242.52307","731.5225","974.4247","38","-92.0"
"372.67825","452.68625","890.88885","38","-92.0"
"373.32916","468.0493","891.99","38","-92.0"
"416.26523","388.46658","895.9622","38","-92.0"
"192.39468","790.94104","974.29724","38","-92.0"
"229.47656","757.9541","989.59485","38","-92.0"
"421.79562","359.16507","887.8701","38","-92.0"
"215.57697","760.9338","971.23004","38","-92.0"
"372.57147","476.40945","895.7747","38","-92.0"
"303.5963","670.95306","989.97394","38","-92.0"
"244.72041","771.53284","1007.34406","38","-92.0"
"246.37537","731.65027","979.74756","38","-92.0"
"242.52307","731.5225","974.4247","38","-92.0"
"372.67825","452.68625","890.88885","38","-92.0"
"373.32916","468.0493","891.99","38","-92.0"
"416.26523","388.46658","895.9622","38","-92.0"
"192.39468","790.94104","974.29724","38","-92.0"
"229.47656","757.9541","989.59485","38","-92.0"
"421.79562","359.16507","887.8701","38","-92.0"
"215.57697","760.9338","971.23004","38","-92.0"
"372.57147","476.40945","895.7747","38","-92.0"
"303.5963","670.95306","989.97394","38","-92.0"
"244.72041","771.53284","1007.34406","38","-92.0"
"246.37537","731.65027","979.74756","38","-92.0"
"242.52307","731.5225","974.4247","38","-92.0"
"372.67825","452.68625","890.88885","38","-92.0"
"373.32916","468.0493","891.99","38","-92.0"
"416.26523","388.46658","895.9622","38","-92.0"
"192.39468","790.94104","974.29724","38","-92.0"
"229.47656","757.9541","989.59485","38","-92.0"
"421.79562","359.16507","887.8701","38","-92.0"
"215.57697","760.9338","971.23004","38","-92.0"
"372.57147","476.40945","895.7747","38","-92.0"
"303.5963","670.95306","989.97394","38","-92.0"
"244.72041","771.53284","1007.34406","38","-92.0"
"246.37537","731.65027","979.74756","38","-92.0"
"242.52307","731.5225","974.4247","38","-92.0"
"372.67825","452.68625","890.88885","38","-92.0"
"373.32916","468.0493","891.99","38","-92.0"
"416.26523","388.46658","895.9622","38","-92.0"
"192.39468","790.94104","974.29724","38","-92.0"
"229.47656","757.9541","989.59485","38","-92.0"
"421.79562","359.16507","887.8701","38","-92.0"
"215.57697","760.9338","971.23004","38","-92.0"
"372.57147","476.40945","895.7747","38","-92.0"
"303.5963","670.95306","989.97394","38","-92.0"
"244.72041","771.53284","1007.34406","38","-92.0"
"246.37537","731.65027","979.74756","38","-92.0"
"242.52307","731.5225","974.4247","38","-92.0"
"372.67825","452.68625","890.88885","38","-92.0"
"373.32916","468.0493","891.99","38","-92.0"
"416.26523","388.46658","895.9622","38","-92.0"
"192.39468","790.94104","974.29724","38","-92.0"
"229.47656","757.9541","989.59485","38","-92.0"
"421.79562","359.16507","887.8701","38","-92.0"
"218.87819","747.9822","964.93646","39","-94.0"
"329.92502","575.2732","910.9723","39","-94.0"
"296.94144","623.32135","913.9468","39","-94.0"
"368.98416","439.2354","890.99115","39","-94.0"
"254.30013","708.4769","968.1963","39","-94.0"
"246.68236","721.5702","970.83734","39","-94.0"
"309.11047","595.40906","906.5276","39","-94.0"
"373.32916","468.0493","891.99","39","-94.0"
"222.28067","742.85913","964.05725","39","-94.0"
"236.33348","782.8515","1007.622","39","-94.0"
"205.38205","778.6021","983.63873","39","-94.0"
"421.79562","359.16507","887.8701","39","-94.0"
"218.87819","747.9822","964.93646","39","-94.0"
"329.92502","575.2732","910.9723","39","-94.0"
"296.94144","623.32135","913.9468","39","-94.0"
"368.98416","439.2354","890.99115","39","-94.0"
"254.30013","708.4769","968.1963","39","-94.0"
"246.68236","721.5702","970.83734","39","-94.0"
"309.11047","595.40906","906.5276","39","-94.0"
"373.32916","468.0493","891.99","39","-94.0"
"222.28067","742.85913","964.05725","39","-94.0"
"236.33348","782.8515","1007.622","39","-94.0"
"205.38205","778.6021","983.63873","39","-94.0"
"421.79562","359.16507","887.8701","39","-94.0"
"218.87819","747.9822","964.93646","39","-94.0"
"329.92502","575.2732","910.9723","39","-94.0"
"296.94144","623.32135","913.9468","39","-94.0"
"368.98416","439.2354","890.99115","39","-94.0"
"254.30013","708.4769","968.1963","39","-94.0"
"246.68236","721.5702","970.83734","39","-94.0"
"309.11047","595.40906","906.5276","39","-94.0"
"373.32916","468.0493","891.99","39","-94.0"
"222.28067","742.85913","964.05725","39","-94.0"
"236.33348","782.8515","1007.622","39","-94.0"
"205.38205","778.6021","983.63873","39","-94.0"
"421.79562","359.16507","887.8701","39","-94.0"
"218.87819","747.9822","964.93646","39","-94.0"
"329.92502","575.2732","910.9723","39","-94.0"
"296.94144","623.32135","913.9468","39","-94.0"
"368.98416","439.2354","890.99115","39","-94.0"
"254.30013","708.4769","968.1963","39","-94.0"
"246.68236","721.5702","970.83734","39","-94.0"
"309.11047","595.40906","906.5276","39","-94.0"
"373.32916","468.0493","891.99","39","-94.0"
"222.28067","742.85913","964.05725","39","-94.0"
"236.33348","782.8515","1007.622","39","-94.0"
"205.38205","778.6021","983.63873","39","-94.0"
"421.79562","359.16507","887.8701","39","-94.0"
"218.87819","747.9822","964.93646","39","-94.0"
"329.92502","575.2732","910.9723","39","-94.0"
"296.94144","623.32135","913.9468","39","-94.0"
"368.98416","439.2354","890.99115","39","-94.0"
"254.30013","708.4769","968.1963","39","-94.0"
"246.68236","721.5702","970.83734","39","-94.0"
"309.11047","595.40906","906.5276","39","-94.0"
"373.32916","468.0493","891.99","39","-94.0"
"222.28067","742.85913","964.05725","39","-94.0"
"236.33348","782.8515","1007.622","39","-94.0"
"205.38205","778.6021","983.63873","39","-94.0"
"421.79562","359.16507","887.8701","39","-94.0"
"218.87819","747.9822","964.93646","39","-94.0"
"329.92502","575.2732","910.9723","39","-94.0"
"296.94144","623.32135","913.9468","39","-94.0"
"368.98416","439.2354","890.99115","39","-94.0"
"254.30013","708.4769","968.1963","39","-94.0"
"246.68236","721.5702","970.83734","39","-94.0"
"309.11047","595.40906","906.5276","39","-94.0"
"373.32916","468.0493","891.99","39","-94.0"
"222.28067","742.85913","964.05725","39","-94.0"
"236.33348","782.8515","1007.622","39","-94.0"
"205.38205","778.6021","983.63873","39","-94.0"
"421.79562","359.16507","887.8701","39","-94.0"
"236.33087","758.63354","998.07654","37","-97.0"
"270.93015","672.97156","936.22687","37","-97.0"
"240.60962","730.61096","965.9366","37","-97.0"
"277.0825","655.09955","935.0482","37","-97.0"
"358.08124","508.1823","900.07556","37","-97.0"
"248.83273","720.18463","977.6781","37","-97.0"
"255.47078","680.9004","934.7828","37","-97.0"
"373.32916","468.0493","891.99","37","-97.0"
"205.52206","772.7029","976.295","37","-97.0"
"348.2288","540.7323","910.6653","37","-97.0"
"481.4345","318.90845","860.20123","37","-97.0"
"421.79562","359.16507","887.8701","37","-97.0"
"236.33087","758.63354","998.07654","37","-97.0"
"270.93015","672.97156","936.22687","37","-97.0"
"240.60962","730.61096","965.9366","37","-97.0"
"277.0825","655.09955","935.0482","37","-97.0"
"358.08124","508.1823","900.07556","37","-97.0"
"248.83273","720.18463","977.6781","37","-97.0"
"255.47078","680.9004","934.7828","37","-97.0"
"373.32916","468.0493","891.99","37","-97.0"
"205.52206","772.7029","976.295","37","-97.0"
"348.2288","540.7323","910.6653","37","-97.0"
"481.4345","318.90845","860.20123","37","-97.0"
"421.79562","359.16507","887.8701","37","-97.0"
"236.33087","758.63354","998.07654","37","-97.0"
"270.93015","672.97156","936.22687","37","-97.0"
"240.60962","730.61096","965.9366","37","-97.0"
"277.0825","655.09955","935.0482","37","-97.0"
"358.08124","508.1823","900.07556","37","-97.0"
"248.83273","720.18463","977.6781","37","-97.0"
"255.47078","680.9004","934.7828","37","-97.0"
"373.32916","468.0493","891.99","37","-97.0"
"205.52206","772.7029","976.295","37","-97.0"
"348.2288","540.7323","910.6653","37","-97.0"
"481.4345","318.90845","860.20123","37","-97.0"
"421.79562","359.16507","887.8701","37","-97.0"
"236.33087","758.63354","998.07654","37","-97.0"
"270.93015","672.97156","936.22687","37","-97.0"
"240.60962","730.61096","965.9366","37","-97.0"
"277.0825","655.09955","935.0482","37","-97.0"
"358.08124","508.1823","900.07556","37","-97.0"
"248.83273","720.18463","977.6781","37","-97.0"
"255.47078","680.9004","934.7828","37","-97.0"
"373.32916","468.0493","891.99","37","-97.0"
"205.52206","772.7029","976.295","37","-97.0"
"348.2288","540.7323","910.6653","37","-97.0"
"481.4345","318.90845","860.20123","37","-97.0"
"421.79562","359.16507","887.8701","37","-97.0"
"236.33087","758.63354","998.07654","37","-97.0"
"270.93015","672.97156","936.22687","37","-97.0"
"240.60962","730.61096","965.9366","37","-97.0"
"277.0825","655.09955","935.0482","37","-97.0"
"358.08124","508.1823","900.07556","37","-97.0"
"248.83273","720.18463","977.6781","37","-97.0"
"255.47078","680.9004","934.7828","37","-97.0"
"373.32916","468.0493","891.99","37","-97.0"
"205.52206","772.7029","976.295","37","-97.0"
"348.2288","540.7323","910.6653","37","-97.0"
"481.4345","318.90845","860.20123","37","-97.0"
"421.79562","359.16507","887.8701","37","-97.0"
"236.33087","758.63354","998.07654","37","-97.0"
"270.93015","672.97156","936.22687","37","-97.0"
"240.60962","730.61096","965.9366","37","-97.0"
"277.0825","655.09955","935.0482","37","-97.0"
"358.08124","508.1823","900.07556","37","-97.0"
"248.83273","720.18463","977.6781","37","-97.0"
"255.47078","680.9004","934.7828","37","-97.0"
"373.32916","468.0493","891.99","37","-97.0"
"205.52206","772.7029","976.295","37","-97.0"
"348.2288","540.7323","910.6653","37","-97.0"
"481.4345","318.90845","860.20123","37","-97.0"
"421.79562","359.16507","887.8701","37","-97.0"
"236.33087","758.63354","998.07654","37","-99.0"
"246.15811","762.97424","999.7523","37","-99.0"
"269.32843","702.45935","977.7538","37","-99.0"
"222.57217","749.7745","968.57965","37","-99.0"
"250.21588","720.37085","983.3277","37","-99.0"
"271.5463","716.0104","989.7647","37","-99.0"
"233.47","749.5668","979.6696","37","-99.0"
"231.71347","749.12067","984.1719","37","-99.0"
"244.72728","735.9803","988.314","37","-99.0"
"208.88776","770.7215","973.186","37","-99.0"
"342.1032","566.89355","910.9583","37","-99.0"
"341.42184","573.9385","911.4684","37","-99.0"
"236.33087","758.63354","998.07654","37","-99.0"
"246.15811","762.97424","999.7523","37","-99.0"
"269.32843","702.45935","977.7538","37","-99.0"
"222.57217","749.7745","968.57965","37","-99.0"
"250.21588","720.37085","983.3277","37","-99.0"
"271.5463","716.0104","989.7647","37","-99.0"
"233.47","749.5668","979.6696","37","-99.0"
"231.71347","749.12067","984.1719","37","-99.0"
"244.72728","735.9803","988.314","37","-99.0"
"208.88776","770.7215","973.186","37","-99.0"
"342.1032","566.89355","910.9583","37","-99.0"
"341.42184","573.9385","911.4684","37","-99.0"
"236.33087","758.63354","998.07654","37","-99.0"
"246.15811","762.97424","999.7523","37","-99.0"
"269.32843","702.45935","977.7538","37","-99.0"
"222.57217","749.7745","968.57965","37","-99.0"
"250.21588","720.37085","983.3277","37","-99.0"
"271.5463","716.0104","989.7647","37","-99.0"
"233.47","749.5668","979.6696","37","-99.0"
"231.71347","749.12067","984.1719","37","-99.0"
"244.72728","735.9803","988.314","37","-99.0"
"208.88776","770.7215","973.186","37","-99.0"
"342.1032","566.89355","910.9583","37","-99.0"
"341.42184","573.9385","911.4684","37","-99.0"
"236.33087","758.63354","998.07654","37","-99.0"
"246.15811","762.97424","999.7523","37","-99.0"
"269.32843","702.45935","977.7538","37","-99.0"
"222.57217","749.7745","968.57965","37","-99.0"
"250.21588","720.37085","983.3277","37","-99.0"
"271.5463","716.0104","989.7647","37","-99.0"
"233.47","749.5668","979.6696","37","-99.0"
"231.71347","749.12067","984.1719","37","-99.0"
"244.72728","735.9803","988.314","37","-99.0"
"208.88776","770.7215","973.186","37","-99.0"
"342.1032","566.89355","910.9583","37","-99.0"
"341.42184","573.9385","911.4684","37","-99.0"
"236.33087","758.63354","998.07654","37","-99.0"
"246.15811","762.97424","999.7523","37","-99.0"
"269.32843","702.45935","977.7538","37","-99.0"
"222.57217","749.7745","968.57965","37","-99.0"
"250.21588","720.37085","983.3277","37","-99.0"
"271.5463","716.0104","989.7647","37","-99.0"
"233.47","749.5668","979.6696","37","-99.0"
"231.71347","749.12067","984.1719","37","-99.0"
"244.72728","735.9803","988.314","37","-99.0"
"208.88776","770.7215","973.186","37","-99.0"
"342.1032","566.89355","910.9583","37","-99.0"
"341.42184","573.9385","911.4684","37","-99.0"
"236.33087","758.63354","998.07654","37","-99.0"
"246.15811","762.97424","999.7523","37","-99.0"
"269.32843","702.45935","977.7538","37","-99.0"
"222.57217","749.7745","968.57965","37","-99.0"
"250.21588","720.37085","983.3277","37","-99.0"
"271.5463","716.0104","989.7647","37","-99.0"
"233.47","749.5668","979.6696","37","-99.0"
"231.71347","749.12067","984.1719","37","-99.0"
"244.72728","735.9803","988.314","37","-99.0"
"208.88776","770.7215","973.186","37","-99.0"
"342.1032","566.89355","910.9583","37","-99.0"
"341.42184","573.9385","911.4684","37","-99.0"
"236.57832","755.0618","995.90247","37","-98.0"
"239.89462","773.1819","1009.3043","37","-98.0"
"271.31546","688.34216","958.21985","37","-98.0"
"222.0513","749.7745","968.59033","37","-98.0"
"268.9642","669.7267","932.0952","37","-98.0"
"252.84726","729.77075","981.921","37","-98.0"
"273.33298","706.8754","983.825","37","-98.0"
"359.98267","496.14444","901.55554","37","-98.0"
"211.19263","757.8008","967.1594","37","-98.0"
"365.16907","532.5852","907.2611","37","-98.0"
"390.70624","453.54004","894.8612","37","-98.0"
"421.79562","359.16507","887.8701","37","-98.0"
"236.57832","755.0618","995.90247","37","-98.0"
"239.89462","773.1819","1009.3043","37","-98.0"
"271.31546","688.34216","958.21985","37","-98.0"
"222.0513","749.7745","968.59033","37","-98.0"
"268.9642","669.7267","932.0952","37","-98.0"
"252.84726","729.77075","981.921","37","-98.0"
"273.33298","706.8754","983.825","37","-98.0"
"359.98267","496.14444","901.55554","37","-98.0"
"211.19263","757.8008","967.1594","37","-98.0"
"365.16907","532.5852","907.2611","37","-98.0"
"390.70624","453.54004","894.8612","37","-98.0"
"421.79562","359.16507","887.8701","37","-98.0"
"236.57832","755.0618","995.90247","37","-98.0"
"239.89462","773.1819","1009.3043","37","-98.0"
"271.31546","688.34216","958.21985","37","-98.0"
"222.0513","749.7745","968.59033","37","-98.0"
"268.9642","669.7267","932.0952","37","-98.0"
"252.84726","729.77075","981.921","37","-98.0"
"273.33298","706.8754","983.825","37","-98.0"
"359.98267","496.14444","901.55554","37","-98.0"
"211.19263","757.8008","967.1594","37","-98.0"
"365.16907","532.5852","907.2611","37","-98.0"
"390.70624","453.54004","894.8612","37","-98.0"
"421.79562","359.16507","887.8701","37","-98.0"
"236.57832","755.0618","995.90247","37","-98.0"
"239.89462","773.1819","1009.3043","37","-98.0"
"271.31546","688.34216","958.21985","37","-98.0"
"222.0513","749.7745","968.59033","37","-98.0"
"268.9642","669.7267","932.0952","37","-98.0"
"252.84726","729.77075","981.921","37","-98.0"
"273.33298","706.8754","983.825","37","-98.0"
"359.98267","496.14444","901.55554","37","-98.0"
"211.19263","757.8008","967.1594","37","-98.0"
"365.16907","532.5852","907.2611","37","-98.0"
"390.70624","453.54004","894.8612","37","-98.0"
"421.79562","359.16507","887.8701","37","-98.0"
"236.57832","755.0618","995.90247","37","-98.0"
"239.89462","773.1819","1009.3043","37","-98.0"
"271.31546","688.34216","958.21985","37","-98.0"
"222.0513","749.7745","968.59033","37","-98.0"
"268.9642","669.7267","932.0952","37","-98.0"
"252.84726","729.77075","981.921","37","-98.0"
"273.33298","706.8754","983.825","37","-98.0"
"359.98267","496.14444","901.55554","37","-98.0"
"211.19263","757.8008","967.1594","37","-98.0"
"365.16907","532.5852","907.2611","37","-98.0"
"390.70624","453.54004","894.8612","37","-98.0"
"421.79562","359.16507","887.8701","37","-98.0"
"236.57832","755.0618","995.90247","37","-98.0"
"239.89462","773.1819","1009.3043","37","-98.0"
"271.31546","688.34216","958.21985","37","-98.0"
"222.0513","749.7745","968.59033","37","-98.0"
"268.9642","669.7267","932.0952","37","-98.0"
"252.84726","729.77075","981.921","37","-98.0"
"273.33298","706.8754","983.825","37","-98.0"
"359.98267","496.14444","901.55554","37","-98.0"
"211.19263","757.8008","967.1594","37","-98.0"
"365.16907","532.5852","907.2611","37","-98.0"
"390.70624","453.54004","894.8612","37","-98.0"
"421.79562","359.16507","887.8701","37","-98.0"
"200.36229","841.5209","1021.00214","36","-97.0"
"254.37279","731.4626","990.7964","36","-97.0"
"287.69592","637.5834","931.7673","36","-97.0"
"232.82948","731.10406","963.69055","36","-97.0"
"279.83215","650.92096","919.60944","36","-97.0"
"372.28983","441.57657","891.40424","36","-97.0"
"233.47","749.5668","979.6696","36","-97.0"
"373.32916","479.38715","891.99","36","-97.0"
"416.872","423.84283","897.42584","36","-97.0"
"311.67404","614.49335","935.20404","36","-97.0"
"481.4345","318.90845","860.20123","36","-97.0"
"377.0723","486.62863","901.2888","36","-97.0"
"200.36229","841.5209","1021.00214","36","-97.0"
"254.37279","731.4626","990.7964","36","-97.0"
"287.69592","637.5834","931.7673","36","-97.0"
"232.82948","731.10406","963.69055","36","-97.0"
"279.83215","650.92096","919.60944","36","-97.0"
"372.28983","441.57657","891.40424","36","-97.0"
"233.47","749.5668","979.6696","36","-97.0"
"373.32916","479.38715","891.99","36","-97.0"
"416.872","423.84283","897.42584","36","-97.0"
"311.67404","614.49335","935.20404","36","-97.0"
"481.4345","318.90845","860.20123","36","-97.0"
"377.0723","486.62863","901.2888","36","-97.0"
"200.36229","841.5209","1021.00214","36","-97.0"
"254.37279","731.4626","990.7964","36","-97.0"
"287.69592","637.5834","931.7673","36","-97.0"
"232.82948","731.10406","963.69055","36","-97.0"
"279.83215","650.92096","919.60944","36","-97.0"
"372.28983","441.57657","891.40424","36","-97.0"
"233.47","749.5668","979.6696","36","-97.0"
"373.32916","479.38715","891.99","36","-97.0"
"416.872","423.84283","897.42584","36","-97.0"
"311.67404","614.49335","935.20404","36","-97.0"
"481.4345","318.90845","860.20123","36","-97.0"
"377.0723","486.62863","901.2888","36","-97.0"
"200.36229","841.5209","1021.00214","36","-97.0"
"254.37279","731.4626","990.7964","36","-97.0"
"287.69592","637.5834","931.7673","36","-97.0"
"232.82948","731.10406","963.69055","36","-97.0"
"279.83215","650.92096","919.60944","36","-97.0"
"372.28983","441.57657","891.40424","36","-97.0"
"233.47","749.5668","979.6696","36","-97.0"
"373.32916","479.38715","891.99","36","-97.0"
"416.872","423.84283","897.42584","36","-97.0"
"311.67404","614.49335","935.20404","36","-97.0"
"481.4345","318.90845","860.20123","36","-97.0"
"377.0723","486.62863","901.2888","36","-97.0"
"200.36229","841.5209","1021.00214","36","-97.0"
"254.37279","731.4626","990.7964","36","-97.0"
"287.69592","637.5834","931.7673","36","-97.0"
"232.82948","731.10406","963.69055","36","-97.0"
"279.83215","650.92096","919.60944","36","-97.0"
"372.28983","441.57657","891.40424","36","-97.0"
"233.47","749.5668","979.6696","36","-97.0"
"373.32916","479.38715","891.99","36","-97.0"
"416.872","423.84283","897.42584","36","-97.0"
"311.67404","614.49335","935.20404","36","-97.0"
"481.4345","318.90845","860.20123","36","-97.0"
"377.0723","486.62863","901.2888","36","-97.0"
"200.36229","841.5209","1021.00214","36","-97.0"
"254.37279","731.4626","990.7964","36","-97.0"
"287.69592","637.5834","931.7673","36","-97.0"
"232.82948","731.10406","963.69055","36","-97.0"
"279.83215","650.92096","919.60944","36","-97.0"
"372.28983","441.57657","891.40424","36","-97.0"
"233.47","749.5668","979.6696","36","-97.0"
"373.32916","479.38715","891.99","36","-97.0"
"416.872","423.84283","897.42584","36","-97.0"
"311.67404","614.49335","935.20404","36","-97.0"
"481.4345","318.90845","860.20123","36","-97.0"
"377.0723","486.62863","901.2888","36","-97.0"
"213.49678","760.2455","968.1198","39","-95.0"
"308.62875","605.6551","913.33167","39","-95.0"
"304.95584","585.7406","916.28796","39","-95.0"
"368.98416","439.2354","890.99115","39","-95.0"
"268.9642","670.8567","934.6832","39","-95.0"
"300.64197","584.9325","907.5337","39","-95.0"
"252.62697","689.509","935.99695","39","-95.0"
"270.12625","716.3104","988.5087","39","-95.0"
"334.41794","552.09955","914.9559","39","-95.0"
"242.51248","751.6248","993.79065","39","-95.0"
"227.66103","752.5329","982.63025","39","-95.0"
"421.79562","359.16507","887.8701","39","-95.0"
"213.49678","760.2455","968.1198","39","-95.0"
"308.62875","605.6551","913.33167","39","-95.0"
"304.95584","585.7406","916.28796","39","-95.0"
"368.98416","439.2354","890.99115","39","-95.0"
"268.9642","670.8567","934.6832","39","-95.0"
"300.64197","584.9325","907.5337","39","-95.0"
"252.62697","689.509","935.99695","39","-95.0"
"270.12625","716.3104","988.5087","39","-95.0"
"334.41794","552.09955","914.9559","39","-95.0"
"242.51248","751.6248","993.79065","39","-95.0"
"227.66103","752.5329","982.63025","39","-95.0"
"421.79562","359.16507","887.8701","39","-95.0"
"213.49678","760.2455","968.1198","39","-95.0"
"308.62875","605.6551","913.33167","39","-95.0"
"304.95584","585.7406","916.28796","39","-95.0"
"368.98416","439.2354","890.99115","39","-95.0"
"268.9642","670.8567","934.6832","39","-95.0"
"300.64197","584.9325","907.5337","39","-95.0"
"252.62697","689.509","935.99695","39","-95.0"
"270.12625","716.3104","988.5087","39","-95.0"
"334.41794","552.09955","914.9559","39","-95.0"
"242.51248","751.6248","993.79065","39","-95.0"
"227.66103","752.5329","982.63025","39","-95.0"
"421.79562","359.16507","887.8701","39","-95.0"
"213.49678","760.2455","968.1198","39","-95.0"
"308.62875","605.6551","913.33167","39","-95.0"
"304.95584","585.7406","916.28796","39","-95.0"
"368.98416","439.2354","890.99115","39","-95.0"
"268.9642","670.8567","934.6832","39","-95.0"
"300.64197","584.9325","907.5337","39","-95.0"
"252.62697","689.509","935.99695","39","-95.0"
"270.12625","716.3104","988.5087","39","-95.0"
"334.41794","552.09955","914.9559","39","-95.0"
"242.51248","751.6248","993.79065","39","-95.0"
"227.66103","752.5329","982.63025","39","-95.0"
"421.79562","359.16507","887.8701","39","-95.0"
"213.49678","760.2455","968.1198","39","-95.0"
"308.62875","605.6551","913.33167","39","-95.0"
"304.95584","585.7406","916.28796","39","-95.0"
"368.98416","439.2354","890.99115","39","-95.0"
"268.9642","670.8567","934.6832","39","-95.0"
"300.64197","584.9325","907.5337","39","-95.0"
"252.62697","689.509","935.99695","39","-95.0"
"270.12625","716.3104","988.5087","39","-95.0"
"334.41794","552.09955","914.9559","39","-95.0"
"242.51248","751.6248","993.79065","39","-95.0"
"227.66103","752.5329","982.63025","39","-95.0"
"421.79562","359.16507","887.8701","39","-95.0"
"213.49678","760.2455","968.1198","39","-95.0"
"308.62875","605.6551","913.33167","39","-95.0"
"304.95584","585.7406","916.28796","39","-95.0"
"368.98416","439.2354","890.99115","39","-95.0"
"268.9642","670.8567","934.6832","39","-95.0"
"300.64197","584.9325","907.5337","39","-95.0"
"252.62697","689.509","935.99695","39","-95.0"
"270.12625","716.3104","988.5087","39","-95.0"
"334.41794","552.09955","914.9559","39","-95.0"
"242.51248","751.6248","993.79065","39","-95.0"
"227.66103","752.5329","982.63025","39","-95.0"
"421.79562","359.16507","887.8701","39","-95.0"
"222.31502","754.01843","986.9751","39","-97.0"
"231.73701","740.83606","981.9405","39","-97.0"
"269.75305","698.29443","972.8559","39","-97.0"
"329.81787","572.499","907.7598","39","-97.0"
"239.06897","777.05365","1003.70764","39","-97.0"
"372.28983","452.91443","891.40424","39","-97.0"
"266.86017","669.5625","932.84424","39","-97.0"
"254.7742","691.279","937.6551","39","-97.0"
"245.53583","727.93726","972.5261","39","-97.0"
"269.20285","723.6529","990.4265","39","-97.0"
"307.82","625.8675","937.3924","39","-97.0"
"306.54907","618.6781","917.11145","39","-97.0"
"222.31502","754.01843","986.9751","39","-97.0"
"231.73701","740.83606","981.9405","39","-97.0"
"269.75305","698.29443","972.8559","39","-97.0"
"329.81787","572.499","907.7598","39","-97.0"
"239.06897","777.05365","1003.70764","39","-97.0"
"372.28983","452.91443","891.40424","39","-97.0"
"266.86017","669.5625","932.84424","39","-97.0"
"254.7742","691.279","937.6551","39","-97.0"
"245.53583","727.93726","972.5261","39","-97.0"
"269.20285","723.6529","990.4265","39","-97.0"
"307.82","625.8675","937.3924","39","-97.0"
"306.54907","618.6781","917.11145","39","-97.0"
"222.31502","754.01843","986.9751","39","-97.0"
"231.73701","740.83606","981.9405","39","-97.0"
"269.75305","698.29443","972.8559","39","-97.0"
"329.81787","572.499","907.7598","39","-97.0"
"239.06897","777.05365","1003.70764","39","-97.0"
"372.28983","452.91443","891.40424","39","-97.0"
"266.86017","669.5625","932.84424","39","-97.0"
"254.7742","691.279","937.6551","39","-97.0"
"245.53583","727.93726","972.5261","39","-97.0"
"269.20285","723.6529","990.4265","39","-97.0"
"307.82","625.8675","937.3924","39","-97.0"
"306.54907","618.6781","917.11145","39","-97.0"
"222.31502","754.01843","986.9751","39","-97.0"
"231.73701","740.83606","981.9405","39","-97.0"
"269.75305","698.29443","972.8559","39","-97.0"
"329.81787","572.499","907.7598","39","-97.0"
"239.06897","777.05365","1003.70764","39","-97.0"
"372.28983","452.91443","891.40424","39","-97.0"
"266.86017","669.5625","932.84424","39","-97.0"
"254.7742","691.279","937.6551","39","-97.0"
"245.53583","727.93726","972.5261","39","-97.0"
"269.20285","723.6529","990.4265","39","-97.0"
"307.82","625.8675","937.3924","39","-97.0"
"306.54907","618.6781","917.11145","39","-97.0"
"222.31502","754.01843","986.9751","39","-97.0"
"231.73701","740.83606","981.9405","39","-97.0"
"269.75305","698.29443","972.8559","39","-97.0"
"329.81787","572.499","907.7598","39","-97.0"
"239.06897","777.05365","1003.70764","39","-97.0"
"372.28983","452.91443","891.40424","39","-97.0"
"266.86017","669.5625","932.84424","39","-97.0"
"254.7742","691.279","937.6551","39","-97.0"
"245.53583","727.93726","972.5261","39","-97.0"
"269.20285","723.6529","990.4265","39","-97.0"
"307.82","625.8675","937.3924","39","-97.0"
"306.54907","618.6781","917.11145","39","-97.0"
"222.31502","754.01843","986.9751","39","-97.0"
"231.73701","740.83606","981.9405","39","-97.0"
"269.75305","698.29443","972.8559","39","-97.0"
"329.81787","572.499","907.7598","39","-97.0"
"239.06897","777.05365","1003.70764","39","-97.0"
"372.28983","452.91443","891.40424","39","-97.0"
"266.86017","669.5625","932.84424","39","-97.0"
"254.7742","691.279","937.6551","39","-97.0"
"245.53583","727.93726","972.5261","39","-97.0"
"269.20285","723.6529","990.4265","39","-97.0"
"307.82","625.8675","937.3924","39","-97.0"
"306.54907","618.6781","917.11145","39","-97.0"
"202.76253","836.2241","1020.09955","37","-105.0"
"244.18256","746.7542","994.80804","37","-105.0"
"247.2677","771.1206","1007.2414","37","-105.0"
"249.08092","759.7383","999.6758","37","-105.0"
"251.83467","750.11755","994.46387","37","-105.0"
"236.78502","777.62573","1005.85657","37","-105.0"
"239.54666","774.36896","1000.2481","37","-105.0"
"216.29185","747.62585","963.2815","37","-105.0"
"305.0329","627.494","941.2452","37","-105.0"
"261.75623","730.5378","992.6077","37","-105.0"
"245.56613","745.0701","991.2656","37","-105.0"
"246.8917","769.8585","1004.0473","37","-105.0"
"202.76253","836.2241","1020.09955","37","-105.0"
"244.18256","746.7542","994.80804","37","-105.0"
"247.2677","771.1206","1007.2414","37","-105.0"
"249.08092","759.7383","999.6758","37","-105.0"
"251.83467","750.11755","994.46387","37","-105.0"
"236.78502","777.62573","1005.85657","37","-105.0"
"239.54666","774.36896","1000.2481","37","-105.0"
"216.29185","747.62585","963.2815","37","-105.0"
"305.0329","627.494","941.2452","37","-105.0"
"261.75623","730.5378","992.6077","37","-105.0"
"245.56613","745.0701","991.2656","37","-105.0"
"246.8917","769.8585","1004.0473","37","-105.0"
"202.76253","836.2241","1020.09955","37","-105.0"
"244.18256","746.7542","994.80804","37","-105.0"
"247.2677","771.1206","1007.2414","37","-105.0"
"249.08092","759.7383","999.6758","37","-105.0"
"251.83467","750.11755","994.46387","37","-105.0"
"236.78502","777.62573","1005.85657","37","-105.0"
"239.54666","774.36896","1000.2481","37","-105.0"
"216.29185","747.62585","963.2815","37","-105.0"
"305.0329","627.494","941.2452","37","-105.0"
"261.75623","730.5378","992.6077","37","-105.0"
"245.56613","745.0701","991.2656","37","-105.0"
"246.8917","769.8585","1004.0473","37","-105.0"
"202.76253","836.2241","1020.09955","37","-105.0"
"244.18256","746.7542","994.80804","37","-105.0"
"247.2677","771.1206","1007.2414","37","-105.0"
"249.08092","759.7383","999.6758","37","-105.0"
"251.83467","750.11755","994.46387","37","-105.0"
"236.78502","777.62573","1005.85657","37","-105.0"
"239.54666","774.36896","1000.2481","37","-105.0"
"216.29185","747.62585","963.2815","37","-105.0"
"305.0329","627.494","941.2452","37","-105.0"
"261.75623","730.5378","992.6077","37","-105.0"
"245.56613","745.0701","991.2656","37","-105.0"
"246.8917","769.8585","1004.0473","37","-105.0"
"202.76253","836.2241","1020.09955","37","-105.0"
"244.18256","746.7542","994.80804","37","-105.0"
"247.2677","771.1206","1007.2414","37","-105.0"
"249.08092","759.7383","999.6758","37","-105.0"
"251.83467","750.11755","994.46387","37","-105.0"
"236.78502","777.62573","1005.85657","37","-105.0"
"239.54666","774.36896","1000.2481","37","-105.0"
"216.29185","747.62585","963.2815","37","-105.0"
"305.0329","627.494","941.2452","37","-105.0"
"261.75623","730.5378","992.6077","37","-105.0"
"245.56613","745.0701","991.2656","37","-105.0"
"246.8917","769.8585","1004.0473","37","-105.0"
"202.76253","836.2241","1020.09955","37","-105.0"
"244.18256","746.7542","994.80804","37","-105.0"
"247.2677","771.1206","1007.2414","37","-105.0"
"249.08092","759.7383","999.6758","37","-105.0"
"251.83467","750.11755","994.46387","37","-105.0"
"236.78502","777.62573","1005.85657","37","-105.0"
"239.54666","774.36896","1000.2481","37","-105.0"
"216.29185","747.62585","963.2815","37","-105.0"
"305.0329","627.494","941.2452","37","-105.0"
"261.75623","730.5378","992.6077","37","-105.0"
"245.56613","745.0701","991.2656","37","-105.0"
"246.8917","769.8585","1004.0473","37","-105.0"
"228.66359","785.4215","1010.9869","38","-104.0"
"225.54034","757.78217","995.31274","38","-104.0"
"263.0304","713.7388","985.8742","38","-104.0"
"267.06393","722.4997","994.80945","38","-104.0"
"244.30498","734.47906","979.74756","38","-104.0"
"242.52307","731.5225","974.4247","38","-104.0"
"325.38452","580.1496","905.297","38","-104.0"
"237.92995","733.0439","975.05054","38","-104.0"
"262.33365","720.12823","994.4806","38","-104.0"
"290.1547","651.44836","948.36487","38","-104.0"
"270.35217","724.3503","990.40234","38","-104.0"
"227.28616","760.74976","981.04584","38","-104.0"
"228.66359","785.4215","1010.9869","38","-104.0"
"225.54034","757.78217","995.31274","38","-104.0"
"263.0304","713.7388","985.8742","38","-104.0"
"267.06393","722.4997","994.80945","38","-104.0"
"244.30498","734.47906","979.74756","38","-104.0"
"242.52307","731.5225","974.4247","38","-104.0"
"325.38452","580.1496","905.297","38","-104.0"
"237.92995","733.0439","975.05054","38","-104.0"
"262.33365","720.12823","994.4806","38","-104.0"
"290.1547","651.44836","948.36487","38","-104.0"
"270.35217","724.3503","990.40234","38","-104.0"
"227.28616","760.74976","981.04584","38","-104.0"
"228.66359","785.4215","1010.9869","38","-104.0"
"225.54034","757.78217","995.31274","38","-104.0"
"263.0304","713.7388","985.8742","38","-104.0"
"267.06393","722.4997","994.80945","38","-104.0"
"244.30498","734.47906","979.74756","38","-104.0"
"242.52307","731.5225","974.4247","38","-104.0"
"325.38452","580.1496","905.297","38","-104.0"
"237.92995","733.0439","975.05054","38","-104.0"
"262.33365","720.12823","994.4806","38","-104.0"
"290.1547","651.44836","948.36487","38","-104.0"
"270.35217","724.3503","990.40234","38","-104.0"
"227.28616","760.74976","981.04584","38","-104.0"
"228.66359","785.4215","1010.9869","38","-104.0"
"225.54034","757.78217","995.31274","38","-104.0"
"263.0304","713.7388","985.8742","38","-104.0"
"267.06393","722.4997","994.80945","38","-104.0"
"244.30498","734.47906","979.74756","38","-104.0"
"242.52307","731.5225","974.4247","38","-104.0"
"325.38452","580.1496","905.297","38","-104.0"
"237.92995","733.0439","975.05054","38","-104.0"
"262.33365","720.12823","994.4806","38","-104.0"
"290.1547","651.44836","948.36487","38","-104.0"
"270.35217","724.3503","990.40234","38","-104.0"
"227.28616","760.74976","981.04584","38","-104.0"
"228.66359","785.4215","1010.9869","38","-104.0"
"225.54034","757.78217","995.31274","38","-104.0"
"263.0304","713.7388","985.8742","38","-104.0"
"267.06393","722.4997","994.80945","38","-104.0"
"244.30498","734.47906","979.74756","38","-104.0"
"242.52307","731.5225","974.4247","38","-104.0"
"325.38452","580.1496","905.297","38","-104.0"
"237.92995","733.0439","975.05054","38","-104.0"
"262.33365","720.12823","994.4806","38","-104.0"
"290.1547","651.44836","948.36487","38","-104.0"
"270.35217","724.3503","990.40234","38","-104.0"
"227.28616","760.74976","981.04584","38","-104.0"
"228.66359","785.4215","1010.9869","38","-104.0"
"225.54034","757.78217","995.31274","38","-104.0"
"263.0304","713.7388","985.8742","38","-104.0"
"267.06393","722.4997","994.80945","38","-104.0"
"244.30498","734.47906","979.74756","38","-104.0"
"242.52307","731.5225","974.4247","38","-104.0"
"325.38452","580.1496","905.297","38","-104.0"
"237.92995","733.0439","975.05054","38","-104.0"
"262.33365","720.12823","994.4806","38","-104.0"
"290.1547","651.44836","948.36487","38","-104.0"
"270.35217","724.3503","990.40234","38","-104.0"
"227.28616","760.74976","981.04584","38","-104.0"
"231.3631","778.99414","1010.22205","39","-101.0"
"237.91548","749.4592","996.36926","39","-101.0"
"261.29956","710.2344","980.49927","39","-101.0"
"306.62827","592.8158","909.56195","39","-101.0"
"372.31747","454.822","889.9806","39","-101.0"
"272.78867","662.79767","919.7471","39","-101.0"
"372.67825","452.68625","890.88885","39","-101.0"
"373.32916","479.38715","891.99","39","-101.0"
"272.60364","710.461","992.6061","39","-101.0"
"365.16907","533.3408","907.2611","39","-101.0"
"246.63478","762.21387","995.66437","39","-101.0"
"238.07796","764.94403","996.49146","39","-101.0"
"231.3631","778.99414","1010.22205","39","-101.0"
"237.91548","749.4592","996.36926","39","-101.0"
"261.29956","710.2344","980.49927","39","-101.0"
"306.62827","592.8158","909.56195","39","-101.0"
"372.31747","454.822","889.9806","39","-101.0"
"272.78867","662.79767","919.7471","39","-101.0"
"372.67825","452.68625","890.88885","39","-101.0"
"373.32916","479.38715","891.99","39","-101.0"
"272.60364","710.461","992.6061","39","-101.0"
"365.16907","533.3408","907.2611","39","-101.0"
"246.63478","762.21387","995.66437","39","-101.0"
"238.07796","764.94403","996.49146","39","-101.0"
"231.3631","778.99414","1010.22205","39","-101.0"
"237.91548","749.4592","996.36926","39","-101.0"
"261.29956","710.2344","980.49927","39","-101.0"
"306.62827","592.8158","909.56195","39","-101.0"
"372.31747","454.822","889.9806","39","-101.0"
"272.78867","662.79767","919.7471","39","-101.0"
"372.67825","452.68625","890.88885","39","-101.0"
"373.32916","479.38715","891.99","39","-101.0"
"272.60364","710.461","992.6061","39","-101.0"
"365.16907","533.3408","907.2611","39","-101.0"
"246.63478","762.21387","995.66437","39","-101.0"
"238.07796","764.94403","996.49146","39","-101.0"
"231.3631","778.99414","1010.22205","39","-101.0"
"237.91548","749.4592","996.36926","39","-101.0"
"261.29956","710.2344","980.49927","39","-101.0"
"306.62827","592.8158","909.56195","39","-101.0"
"372.31747","454.822","889.9806","39","-101.0"
"272.78867","662.79767","919.7471","39","-101.0"
"372.67825","452.68625","890.88885","39","-101.0"
"373.32916","479.38715","891.99","39","-101.0"
"272.60364","710.461","992.6061","39","-101.0"
"365.16907","533.3408","907.2611","39","-101.0"
"246.63478","762.21387","995.66437","39","-101.0"
"238.07796","764.94403","996.49146","39","-101.0"
"231.3631","778.99414","1010.22205","39","-101.0"
"237.91548","749.4592","996.36926","39","-101.0"
"261.29956","710.2344","980.49927","39","-101.0"
"306.62827","592.8158","909.56195","39","-101.0"
"372.31747","454.822","889.9806","39","-101.0"
"272.78867","662.79767","919.7471","39","-101.0"
"372.67825","452.68625","890.88885","39","-101.0"
"373.32916","479.38715","891.99","39","-101.0"
"272.60364","710.461","992.6061","39","-101.0"
"365.16907","533.3408","907.2611","39","-101.0"
"246.63478","762.21387","995.66437","39","-101.0"
"238.07796","764.94403","996.49146","39","-101.0"
"231.3631","778.99414","1010.22205","39","-101.0"
"237.91548","749.4592","996.36926","39","-101.0"
"261.29956","710.2344","980.49927","39","-101.0"
"306.62827","592.8158","909.56195","39","-101.0"
"372.31747","454.822","889.9806","39","-101.0"
"272.78867","662.79767","919.7471","39","-101.0"
"372.67825","452.68625","890.88885","39","-101.0"
"373.32916","479.38715","891.99","39","-101.0"
"272.60364","710.461","992.6061","39","-101.0"
"365.16907","533.3408","907.2611","39","-101.0"
"246.63478","762.21387","995.66437","39","-101.0"
"238.07796","764.94403","996.49146","39","-101.0"
"203.75024","831.90826","1019.46826","38","-104.0"
"232.49696","785.37524","1013.77155","38","-104.0"
"274.1804","704.033","984.02277","38","-104.0"
"256.01733","709.68286","986.4967","38","-104.0"
"244.9142","731.7087","979.74756","38","-104.0"
"249.28735","746.06616","990.07825","38","-104.0"
"210.25978","769.1237","969.7033","38","-104.0"
"257.32217","681.4413","938.9644","38","-104.0"
"332.13586","564.9391","912.273","38","-104.0"
"222.23839","754.9082","974.4664","38","-104.0"
"231.25612","791.4815","1005.3033","38","-104.0"
"240.66177","760.3133","994.6926","38","-104.0"
"203.75024","831.90826","1019.46826","38","-104.0"
"232.49696","785.37524","1013.77155","38","-104.0"
"274.1804","704.033","984.02277","38","-104.0"
"256.01733","709.68286","986.4967","38","-104.0"
"244.9142","731.7087","979.74756","38","-104.0"
"249.28735","746.06616","990.07825","38","-104.0"
"210.25978","769.1237","969.7033","38","-104.0"
"257.32217","681.4413","938.9644","38","-104.0"
"332.13586","564.9391","912.273","38","-104.0"
"222.23839","754.9082","974.4664","38","-104.0"
"231.25612","791.4815","1005.3033","38","-104.0"
"240.66177","760.3133","994.6926","38","-104.0"
"203.75024","831.90826","1019.46826","38","-104.0"
"232.49696","785.37524","1013.77155","38","-104.0"
"274.1804","704.033","984.02277","38","-104.0"
"256.01733","709.68286","986.4967","38","-104.0"
"244.9142","731.7087","979.74756","38","-104.0"
"249.28735","746.06616","990.07825","38","-104.0"
"210.25978","769.1237","969.7033","38","-104.0"
"257.32217","681.4413","938.9644","38","-104.0"
"332.13586","564.9391","912.273","38","-104.0"
"222.23839","754.9082","974.4664","38","-104.0"
"231.25612","791.4815","1005.3033","38","-104.0"
"240.66177","760.3133","994.6926","38","-104.0"
"203.75024","831.90826","1019.46826","38","-104.0"
"232.49696","785.37524","1013.77155","38","-104.0"
"274.1804","704.033","984.02277","38","-104.0"
"256.01733","709.68286","986.4967","38","-104.0"
"244.9142","731.7087","979.74756","38","-104.0"
"249.28735","746.06616","990.07825","38","-104.0"
"210.25978","769.1237","969.7033","38","-104.0"
"257.32217","681.4413","938.9644","38","-104.0"
"332.13586","564.9391","912.273","38","-104.0"
"222.23839","754.9082","974.4664","38","-104.0"
"231.25612","791.4815","1005.3033","38","-104.0"
"240.66177","760.3133","994.6926","38","-104.0"
"203.75024","831.90826","1019.46826","38","-104.0"
"232.49696","785.37524","1013.77155","38","-104.0"
"274.1804","704.033","984.02277","38","-104.0"
"256.01733","709.68286","986.4967","38","-104.0"
"244.9142","731.7087","979.74756","38","-104.0"
"249.28735","746.06616","990.07825","38","-104.0"
"210.25978","769.1237","969.7033","38","-104.0"
"257.32217","681.4413","938.9644","38","-104.0"
"332.13586","564.9391","912.273","38","-104.0"
"222.23839","754.9082","974.4664","38","-104.0"
"231.25612","791.4815","1005.3033","38","-104.0"
"240.66177","760.3133","994.6926","38","-104.0"
"203.75024","831.90826","1019.46826","38","-104.0"
"232.49696","785.37524","1013.77155","38","-104.0"
"274.1804","704.033","984.02277","38","-104.0"
"256.01733","709.68286","986.4967","38","-104.0"
"244.9142","731.7087","979.74756","38","-104.0"
"249.28735","746.06616","990.07825","38","-104.0"
"210.25978","769.1237","969.7033","38","-104.0"
"257.32217","681.4413","938.9644","38","-104.0"
"332.13586","564.9391","912.273","38","-104.0"
"222.23839","754.9082","974.4664","38","-104.0"
"231.25612","791.4815","1005.3033","38","-104.0"
"240.66177","760.3133","994.6926","38","-104.0"
"218.76738","806.86035","1014.12933","38","-113.0"
"240.58028","743.35345","993.69275","38","-113.0"
"269.32843","702.45935","978.7507","38","-113.0"
"232.61682","731.10406","960.31726","38","-113.0"
"372.31747","454.822","889.9806","38","-113.0"
"266.42734","711.1026","990.60754","38","-113.0"
"255.47078","679.0586","934.7828","38","-113.0"
"226.38416","748.54663","982.9578","38","-113.0"
"221.21768","746.4629","960.9068","38","-113.0"
"208.88776","770.7215","973.186","38","-113.0"
"270.7832","724.3503","990.40234","38","-113.0"
"238.07796","764.94403","996.49146","38","-113.0"
"218.76738","806.86035","1014.12933","38","-113.0"
"240.58028","743.35345","993.69275","38","-113.0"
"269.32843","702.45935","978.7507","38","-113.0"
"232.61682","731.10406","960.31726","38","-113.0"
"372.31747","454.822","889.9806","38","-113.0"
"266.42734","711.1026","990.60754","38","-113.0"
"255.47078","679.0586","934.7828","38","-113.0"
"226.38416","748.54663","982.9578","38","-113.0"
"221.21768","746.4629","960.9068","38","-113.0"
"208.88776","770.7215","973.186","38","-113.0"
"270.7832","724.3503","990.40234","38","-113.0"
"238.07796","764.94403","996.49146","38","-113.0"
"218.76738","806.86035","1014.12933","38","-113.0"
"240.58028","743.35345","993.69275","38","-113.0"
"269.32843","702.45935","978.7507","38","-113.0"
"232.61682","731.10406","960.31726","38","-113.0"
"372.31747","454.822","889.9806","38","-113.0"
"266.42734","711.1026","990.60754","38","-113.0"
"255.47078","679.0586","934.7828","38","-113.0"
"226.38416","748.54663","982.9578","38","-113.0"
"221.21768","746.4629","960.9068","38","-113.0"
"208.88776","770.7215","973.186","38","-113.0"
"270.7832","724.3503","990.40234","38","-113.0"
"238.07796","764.94403","996.49146","38","-113.0"
"218.76738","806.86035","1014.12933","38","-113.0"
"240.58028","743.35345","993.69275","38","-113.0"
"269.32843","702.45935","978.7507","38","-113.0"
"232.61682","731.10406","960.31726","38","-113.0"
"372.31747","454.822","889.9806","38","-113.0"
"266.42734","711.1026","990.60754","38","-113.0"
"255.47078","679.0586","934.7828","38","-113.0"
"226.38416","748.54663","982.9578","38","-113.0"
"221.21768","746.4629","960.9068","38","-113.0"
"208.88776","770.7215","973.186","38","-113.0"
"270.7832","724.3503","990.40234","38","-113.0"
"238.07796","764.94403","996.49146","38","-113.0"
"218.76738","806.86035","1014.12933","38","-113.0"
"240.58028","743.35345","993.69275","38","-113.0"
"269.32843","702.45935","978.7507","38","-113.0"
"232.61682","731.10406","960.31726","38","-113.0"
"372.31747","454.822","889.9806","38","-113.0"
"266.42734","711.1026","990.60754","38","-113.0"
"255.47078","679.0586","934.7828","38","-113.0"
"226.38416","748.54663","982.9578","38","-113.0"
"221.21768","746.4629","960.9068","38","-113.0"
"208.88776","770.7215","973.186","38","-113.0"
"270.7832","724.3503","990.40234","38","-113.0"
"238.07796","764.94403","996.49146","38","-113.0"
"218.76738","806.86035","1014.12933","38","-113.0"
"240.58028","743.35345","993.69275","38","-113.0"
"269.32843","702.45935","978.7507","38","-113.0"
"232.61682","731.10406","960.31726","38","-113.0"
"372.31747","454.822","889.9806","38","-113.0"
"266.42734","711.1026","990.60754","38","-113.0"
"255.47078","679.0586","934.7828","38","-113.0"
"226.38416","748.54663","982.9578","38","-113.0"
"221.21768","746.4629","960.9068","38","-113.0"
"208.88776","770.7215","973.186","38","-113.0"
"270.7832","724.3503","990.40234","38","-113.0"
"238.07796","764.94403","996.49146","38","-113.0"
"203.75024","831.90826","1019.46826","39","-108.0"
"264.7648","725.059","993.3914","39","-108.0"
"279.26874","704.033","984.02277","39","-108.0"
"256.44412","703.86554","956.7623","39","-108.0"
"217.9826","750.463","962.4061","39","-108.0"
"236.55682","741.10864","980.3118","39","-108.0"
"252.35416","686.82306","933.8253","39","-108.0"
"247.34991","723.0916","972.2537","39","-108.0"
"304.68307","631.54376","944.0279","39","-108.0"
"196.88109","787.83154","974.0862","39","-108.0"
"231.90573","768.1746","998.7059","39","-108.0"
"258.933","738.53625","994.4653","39","-108.0"
"203.75024","831.90826","1019.46826","39","-108.0"
"264.7648","725.059","993.3914","39","-108.0"
"279.26874","704.033","984.02277","39","-108.0"
"256.44412","703.86554","956.7623","39","-108.0"
"217.9826","750.463","962.4061","39","-108.0"
"236.55682","741.10864","980.3118","39","-108.0"
"252.35416","686.82306","933.8253","39","-108.0"
"247.34991","723.0916","972.2537","39","-108.0"
"304.68307","631.54376","944.0279","39","-108.0"
"196.88109","787.83154","974.0862","39","-108.0"
"231.90573","768.1746","998.7059","39","-108.0"
"258.933","738.53625","994.4653","39","-108.0"
"203.75024","831.90826","1019.46826","39","-108.0"
"264.7648","725.059","993.3914","39","-108.0"
"279.26874","704.033","984.02277","39","-108.0"
"256.44412","703.86554","956.7623","39","-108.0"
"217.9826","750.463","962.4061","39","-108.0"
"236.55682","741.10864","980.3118","39","-108.0"
"252.35416","686.82306","933.8253","39","-108.0"
"247.34991","723.0916","972.2537","39","-108.0"
"304.68307","631.54376","944.0279","39","-108.0"
"196.88109","787.83154","974.0862","39","-108.0"
"231.90573","768.1746","998.7059","39","-108.0"
"258.933","738.53625","994.4653","39","-108.0"
"203.75024","831.90826","1019.46826","39","-108.0"
"264.7648","725.059","993.3914","39","-108.0"
"279.26874","704.033","984.02277","39","-108.0"
"256.44412","703.86554","956.7623","39","-108.0"
"217.9826","750.463","962.4061","39","-108.0"
"236.55682","741.10864","980.3118","39","-108.0"
"252.35416","686.82306","933.8253","39","-108.0"
"247.34991","723.0916","972.2537","39","-108.0"
"304.68307","631.54376","944.0279","39","-108.0"
"196.88109","787.83154","974.0862","39","-108.0"
"231.90573","768.1746","998.7059","39","-108.0"
"258.933","738.53625","994.4653","39","-108.0"
"203.75024","831.90826","1019.46826","39","-108.0"
"264.7648","725.059","993.3914","39","-108.0"
"279.26874","704.033","984.02277","39","-108.0"
"256.44412","703.86554","956.7623","39","-108.0"
"217.9826","750.463","962.4061","39","-108.0"
"236.55682","741.10864","980.3118","39","-108.0"
"252.35416","686.82306","933.8253","39","-108.0"
"247.34991","723.0916","972.2537","39","-108.0"
"304.68307","631.54376","944.0279","39","-108.0"
"196.88109","787.83154","974.0862","39","-108.0"
"231.90573","768.1746","998.7059","39","-108.0"
"258.933","738.53625","994.4653","39","-108.0"
"203.75024","831.90826","1019.46826","39","-108.0"
"264.7648","725.059","993.3914","39","-108.0"
"279.26874","704.033","984.02277","39","-108.0"
"256.44412","703.86554","956.7623","39","-108.0"
"217.9826","750.463","962.4061","39","-108.0"
"236.55682","741.10864","980.3118","39","-108.0"
"252.35416","686.82306","933.8253","39","-108.0"
"247.34991","723.0916","972.2537","39","-108.0"
"304.68307","631.54376","944.0279","39","-108.0"
"196.88109","787.83154","974.0862","39","-108.0"
"231.90573","768.1746","998.7059","39","-108.0"
"258.933","738.53625","994.4653","39","-108.0"
"203.08672","839.96344","1021.00214","39","-116.0"
"231.73701","740.83606","983.3034","39","-116.0"
"240.49979","724.045","966.803","39","-116.0"
"232.3386","737.8345","963.93097","39","-116.0"
"259.75528","677.88434","921.9482","39","-116.0"
"248.83273","720.18463","977.6781","39","-116.0"
"238.41661","748.37006","986.0578","39","-116.0"
"274.8062","707.32776","987.18677","39","-116.0"
"255.64142","735.05","994.528","39","-116.0"
"257.3775","717.97876","979.1325","39","-116.0"
"237.91383","784.2315","1007.5499","39","-116.0"
"211.01877","821.50604","1013.17346","39","-116.0"
"203.08672","839.96344","1021.00214","39","-116.0"
"231.73701","740.83606","983.3034","39","-116.0"
"240.49979","724.045","966.803","39","-116.0"
"232.3386","737.8345","963.93097","39","-116.0"
"259.75528","677.88434","921.9482","39","-116.0"
"248.83273","720.18463","977.6781","39","-116.0"
"238.41661","748.37006","986.0578","39","-116.0"
"274.8062","707.32776","987.18677","39","-116.0"
"255.64142","735.05","994.528","39","-116.0"
"257.3775","717.97876","979.1325","39","-116.0"
"237.91383","784.2315","1007.5499","39","-116.0"
"211.01877","821.50604","1013.17346","39","-116.0"
"203.08672","839.96344","1021.00214","39","-116.0"
"231.73701","740.83606","983.3034","39","-116.0"
"240.49979","724.045","966.803","39","-116.0"
"232.3386","737.8345","963.93097","39","-116.0"
"259.75528","677.88434","921.9482","39","-116.0"
"248.83273","720.18463","977.6781","39","-116.0"
"238.41661","748.37006","986.0578","39","-116.0"
"274.8062","707.32776","987.18677","39","-116.0"
"255.64142","735.05","994.528","39","-116.0"
"257.3775","717.97876","979.1325","39","-116.0"
"237.91383","784.2315","1007.5499","39","-116.0"
"211.01877","821.50604","1013.17346","39","-116.0"
"203.08672","839.96344","1021.00214","39","-116.0"
"231.73701","740.83606","983.3034","39","-116.0"
"240.49979","724.045","966.803","39","-116.0"
"232.3386","737.8345","963.93097","39","-116.0"
"259.75528","677.88434","921.9482","39","-116.0"
"248.83273","720.18463","977.6781","39","-116.0"
"238.41661","748.37006","986.0578","39","-116.0"
"274.8062","707.32776","987.18677","39","-116.0"
"255.64142","735.05","994.528","39","-116.0"
"257.3775","717.97876","979.1325","39","-116.0"
"237.91383","784.2315","1007.5499","39","-116.0"
"211.01877","821.50604","1013.17346","39","-116.0"
"203.08672","839.96344","1021.00214","39","-116.0"
"231.73701","740.83606","983.3034","39","-116.0"
"240.49979","724.045","966.803","39","-116.0"
"232.3386","737.8345","963.93097","39","-116.0"
"259.75528","677.88434","921.9482","39","-116.0"
"248.83273","720.18463","977.6781","39","-116.0"
